"school_district_code","school_district","count_act_ela_below_basic","count_act_ela_basic_or_below_basic","count_act_students","percent_act_ela_below_basic","percent_act_ela_basic_or_below_basic","average_act_english_percentile","average_act_reading_percentile","count_12th_grade_ell","count_12th_graders","percent_12th_grade_ell","count_graduates","count_in_grad_cohort","percent_graduates","count_wsas_ela_below_basic","count_wsas_ela_basic_or_below_basic","count_wsas_students","percent_wsas_ela_below_basic","percent_wsas_ela_basic_or_below_basic"
7,"Abbotsford","18","30",44,"40.9","68.2","40","36","8",50,"16","48",50,"96","92","218",309,"29.8","70.6"
14,"Adams-Friendship Area","43","89",125,"34.4","71.2","36","36","0",122,"0","107",117,"91.5","239","456",662,"36.1","68.9"
63,"Albany","9","18",29,"31","62.1","45","42","1",23,"4.3","17",22,"77.3","41","95",147,"27.9","64.6"
70,"Algoma","7","32",66,"10.6","48.5","58","55","0",58,"0","46",54,"85.2","37","147",264,"14","55.7"
84,"Alma","Redacted","Redacted",15,"Redacted","Redacted","Redacted","Redacted","0",26,"0","24",25,"96","14","63",106,"13.2","59.4"
91,"Alma Center","10","25",42,"23.8","59.5","52","48","3",53,"5.7","50",53,"94.3","74","171",268,"27.6","63.8"
105,"Almond-Bancroft","8","15",22,"36.4","68.2","45","42","3",35,"8.6","33",33,"100","39","112",173,"22.5","64.7"
112,"Altoona","11","50",109,"10.1","45.9","58","61","0",105,"0","94",103,"91.3","106","339",681,"15.6","49.8"
119,"Amery","18","57",102,"17.6","55.9","45","55","0",131,"0","118",129,"91.5","70","315",690,"10.1","45.7"
126,"Tomorrow River","21","43",76,"27.6","56.6","52","48","0",73,"0","71",74,"95.9","45","218",488,"9.2","44.7"
140,"Antigo Unified","64","133",191,"33.5","69.6","36","42","0",203,"0","167",184,"90.8","236","626",1020,"23.1","61.4"
147,"Appleton Area","249","605",1182,"21.1","51.2","45","55","35",1302,"2.7","1078",1212,"88.9","1563","4018",6854,"22.8","58.6"
154,"Arcadia","26","62",81,"32.1","76.5","36","31","5",89,"5.6","85",88,"96.6","140","334",550,"25.5","60.7"
161,"Argyle","Redacted","Redacted",18,"Redacted","Redacted","Redacted","Redacted","0",28,"0","27",28,"96.4","31","89",129,"24","69"
170,"Ashland","30","91",161,"18.6","56.5","40","48","0",178,"0","157",169,"92.9","253","623",966,"26.2","64.5"
182,"Ashwaubenon","41","136",261,"15.7","52.1","52","48","2",275,"0.7","244",257,"94.9","253","739",1385,"18.3","53.4"
196,"Athens","16","38",51,"31.4","74.5","36","42","0",50,"0","48",48,"100","39","81",124,"31.5","65.3"
203,"Auburndale","17","29",52,"32.7","55.8","45","42","0",61,"0","60",60,"100","57","217",378,"15.1","57.4"
217,"Augusta","14","26",42,"33.3","61.9","36","48","0",45,"0","41",48,"85.4","66","172",297,"22.2","57.9"
231,"Baldwin-Woodville Area","23","60",114,"20.2","52.6","52","48","1",112,"0.9","105",110,"95.5","98","356",711,"13.8","50.1"
238,"Unity","23","55",72,"31.9","76.4","36","42","0",65,"0","63",66,"95.5","101","288",442,"22.9","65.2"
245,"Bangor","9","30",39,"23.1","76.9","36","42","0",41,"0","37",38,"97.4","26","108",241,"10.8","44.8"
280,"Baraboo","46","107",194,"23.7","55.2","45","48","2",272,"0.7","235",259,"90.7","301","781",1270,"23.7","61.5"
287,"Barneveld","3","13",28,"10.7","46.4","52","61","0",28,"0","28",29,"96.6","30","116",199,"15.1","58.3"
308,"Barron Area","40","73",121,"33.1","60.3","36","36","15",116,"12.9","96",104,"92.3","139","343",596,"23.3","57.6"
315,"Bayfield","13","21",28,"46.4","75","32","42","0",33,"0","29",33,"87.9","53","125",164,"32.3","76.2"
336,"Beaver Dam Unified","58","146",271,"21.4","53.9","45","48","8",286,"2.8","222",263,"84.4","284","821",1506,"18.9","54.5"
350,"Belleville","3","18",55,"5.5","32.7","64","61","0",77,"0","73",73,"100","74","234",430,"17.2","54.4"
364,"Belmont Community","6","19",26,"23.1","73.1","52","42","0",21,"0","17",21,"81","41","118",176,"23.3","67"
413,"Beloit","207","349",481,"43","72.6","27","31","38",537,"7.1","430",472,"91.1","1224","2292",3029,"40.4","75.7"
422,"Beloit Turner","22","66",125,"17.6","52.8","52","48","3",110,"2.7","107",112,"95.5","112","377",681,"16.4","55.4"
427,"Benton","5","18",31,"16.1","58.1","58","61","Redacted",19,"Redacted","15",20,"75","13","45",92,"14.1","48.9"
434,"Berlin Area","48","92",149,"32.2","61.7","40","42","2",135,"1.5","125",129,"96.9","127","396",639,"19.9","62"
441,"Birchwood","8","12",24,"33.3","50","36","48","0",22,"0","22",22,"100","31","94",151,"20.5","62.3"
469,"Wisconsin Heights","10","27",57,"17.5","47.4","52","55","1",48,"2.1","45",48,"93.8","36","153",303,"11.9","50.5"
476,"Black River Falls","32","81",115,"27.8","70.4","36","42","2",154,"1.3","124",141,"87.9","220","530",758,"29","69.9"
485,"Blair-Taylor","9","22",41,"22","53.7","45","55","0",51,"0","51",51,"100","72","190",285,"25.3","66.7"
490,"Pecatonica Area","14","31",44,"31.8","70.5","36","42","0",31,"0","28",29,"96.6","36","112",179,"20.1","62.6"
497,"Bloomer","24","67",92,"26.1","72.8","40","36","0",103,"0","20",99,"20.2","96","284",504,"19","56.3"
602,"Bonduel","16","47",72,"22.2","65.3","40","42","1",84,"1.2","75",78,"96.2","50","195",338,"14.8","57.7"
609,"Boscobel Area","28","47",65,"43.1","72.3","36","36","0",58,"0","52",56,"92.9","110","234",333,"33","70.3"
616,"North Lakeland",NA,NA,NA,NA,NA,NA,NA,NA,NA,NA,NA,NA,NA,"8","32",83,"9.6","38.6"
623,"Bowler","Redacted","Redacted",19,"Redacted","Redacted","Redacted","Redacted","0",31,"0","25",30,"83.3","52","125",167,"31.1","74.9"
637,"Boyceville Community","10","32",55,"18.2","58.2","45","42","0",61,"0","58",61,"95.1","63","184",308,"20.5","59.7"
657,"Brighton #1",NA,NA,NA,NA,NA,NA,NA,NA,NA,NA,NA,NA,NA,"3","28",132,"2.3","21.2"
658,"Brillion","22","47",71,"31","66.2","40","36","1",80,"1.2","73",80,"91.2","56","182",416,"13.5","43.8"
665,"Bristol #1",NA,NA,NA,NA,NA,NA,NA,NA,NA,NA,NA,NA,NA,"21","162",459,"4.6","35.3"
700,"Brodhead","24","64",94,"25.5","68.1","40","42","0",83,"0","79",83,"95.2","91","293",453,"20.1","64.7"
714,"Elmbrook","47","176",586,"8","30","74","71","1",724,"0.1","663",689,"96.2","299","1135",3054,"9.8","37.2"
721,"Brown Deer","41","93",152,"27","61.2","40","36","0",123,"0","117",125,"93.6","151","389",671,"22.5","58"
735,"Bruce","12","25",36,"33.3","69.4","36","42","0",45,"0","42",45,"93.3","44","127",202,"21.8","62.9"
777,"Burlington Area","70","157",314,"22.3","50","45","48","7",296,"2.4","268",281,"95.4","147","529",1245,"11.8","42.5"
840,"Butternut","Redacted","Redacted",19,"Redacted","Redacted","Redacted","Redacted","Redacted",14,"Redacted","Redacted",16,"Redacted","18","45",83,"21.7","54.2"
870,"Cadott Community","14","42",60,"23.3","70","40","48","0",64,"0","62",66,"93.9","68","218",373,"18.2","58.4"
882,"Cambria-Friesland","5","10",23,"21.7","43.5","52","55","3",30,"10","25",29,"86.2","61","129",181,"33.7","71.3"
896,"Cambridge","13","26",63,"20.6","41.3","58","55","0",67,"0","65",66,"98.5","51","166",368,"13.9","45.1"
903,"Cameron","27","59",77,"35.1","76.6","36","36","1",82,"1.2","45",78,"57.7","68","242",477,"14.3","50.7"
910,"Campbellsport","19","53",97,"19.6","54.6","52","48","0",107,"0","101",109,"92.7","67","286",575,"11.7","49.7"
980,"Cashton","3","18",42,"7.1","42.9","45","55","0",38,"0","37",37,"100","49","140",281,"17.4","49.8"
994,"Cassville","Redacted","Redacted",12,"Redacted","Redacted","Redacted","Redacted","0",29,"0","28",29,"96.6","27","62",81,"33.3","76.5"
1015,"Cedarburg","16","60",286,"5.6","21","79","75","0",294,"0","280",289,"96.9","73","400",1250,"5.8","32"
1029,"Cedar Grove-Belgium Area","18","42",94,"19.1","44.7","58","55","2",82,"2.4","77",80,"96.2","35","198",472,"7.4","41.9"
1071,"Chequamegon","11","32",62,"17.7","51.6","52","42","1",67,"1.5","59",65,"90.8","71","194",316,"22.5","61.4"
1080,"Chetek-Weyerhaeuser Area","10","30",59,"16.9","50.8","45","48","0",73,"0","64",70,"91.4","71","218",408,"17.4","53.4"
1085,"Chilton","11","41",81,"13.6","50.6","58","61","2",95,"2.1","91",99,"91.9","102","319",531,"19.2","60.1"
1092,"Chippewa Falls Area Unified","94","217",365,"25.8","59.5","40","48","3",353,"0.8","290",347,"83.6","362","1188",2142,"16.9","55.5"
1120,"Clayton","9","19",27,"33.3","70.4","40","48","0",36,"0","33",34,"97.1","33","97",171,"19.3","56.7"
1127,"Clear Lake","16","36",43,"37.2","83.7","27","31","0",40,"0","38",39,"97.4","50","163",265,"18.9","61.5"
1134,"Clinton Community","25","59",98,"25.5","60.2","45","48","4",99,"4","96",98,"98","101","294",515,"19.6","57.1"
1141,"Clintonville","43","77",112,"38.4","68.8","36","36","2",153,"1.3","107",140,"76.4","174","375",543,"32","69.1"
1155,"Cochrane-Fountain City","7","28",52,"13.5","53.8","45","48","0",50,"0","48",49,"98","48","154",297,"16.2","51.9"
1162,"Colby","27","50",77,"35.1","64.9","40","42","2",64,"3.1","62",64,"96.9","93","253",394,"23.6","64.2"
1169,"Coleman","10","34",55,"18.2","61.8","45","42","0",44,"0","42",44,"95.5","33","125",301,"11","41.5"
1176,"Colfax","6","24",43,"14","55.8","45","55","0",82,"0","69",79,"87.3","98","259",363,"27","71.3"
1183,"Columbus","13","42",89,"14.6","47.2","52","55","1",111,"0.9","100",105,"95.2","76","266",551,"13.8","48.3"
1204,"Cornell","4","13",25,"16","52","45","48","0",28,"0","28",28,"100","29","76",180,"16.1","42.2"
1218,"Crandon","21","42",50,"42","84","32","36","0",65,"0","50",59,"84.7","90","251",387,"23.3","64.9"
1232,"Crivitz","21","38",52,"40.4","73.1","40","36","0",59,"0","49",59,"83.1","78","216",346,"22.5","62.4"
1246,"Cuba City","15","37",60,"25","61.7","40","42","0",62,"0","62",65,"95.4","49","156",260,"18.8","60"
1253,"Cudahy","53","117",173,"30.6","67.6","36","42","11",201,"5.5","190",210,"90.5","292","742",1134,"25.7","65.4"
1260,"Cumberland","21","40",66,"31.8","60.6","40","48","2",66,"3","60",65,"92.3","92","265",409,"22.5","64.8"
1295,"Darlington Community","8","22",63,"12.7","34.9","58","55","0",48,"0","47",47,"100","59","213",342,"17.3","62.3"
1309,"Deerfield Community","11","30",54,"20.4","55.6","52","55","0",57,"0","52",55,"94.5","42","168",348,"12.1","48.3"
1316,"De Forest Area","36","131",237,"15.2","55.3","52","48","4",279,"1.4","255",265,"96.2","232","741",1536,"15.1","48.2"
1376,"Kettle Moraine","25","136",381,"6.6","35.7","64","61","1",365,"0.3","335",345,"97.1","149","677",1647,"9","41.1"
1380,"Delavan-Darien","65","131",191,"34","68.6","36","36","13",211,"6.2","192",202,"95","365","720",935,"39","77"
1407,"Denmark","32","65",124,"25.8","52.4","45","48","0",113,"0","103",110,"93.6","71","290",653,"10.9","44.4"
1414,"De Pere","28","140",371,"7.5","37.7","58","61","4",327,"1.2","293",307,"95.4","131","643",1778,"7.4","36.2"
1421,"De Soto Area","6","23",46,"13","50","45","48","0",39,"0","38",39,"97.4","25","100",218,"11.5","45.9"
1428,"Dodgeville","22","46",90,"24.4","51.1","52","61","0",107,"0","105",109,"96.3","101","281",514,"19.6","54.7"
1449,"Dover #1",NA,NA,NA,NA,NA,NA,NA,NA,NA,NA,NA,NA,NA,"4","26",49,"8.2","53.1"
1491,"Drummond Area","11","24",36,"30.6","66.7","40","42","0",34,"0","30",35,"85.7","28","87",161,"17.4","54"
1499,"Durand","7","37",71,"9.9","52.1","64","55","1",93,"1.1","81",88,"92","83","219",383,"21.7","57.2"
1526,"Northland Pines","18","49",97,"18.6","50.5","45","48","0",114,"0","107",108,"99.1","67","297",570,"11.8","52.1"
1540,"East Troy Community","28","79",146,"19.2","54.1","45","48","0",124,"0","112",118,"94.9","160","439",717,"22.3","61.2"
1554,"Eau Claire Area","111","328",737,"15.1","44.5","52","55","19",900,"2.1","701",814,"86.1","811","2526",4721,"17.2","53.5"
1561,"Edgar","14","32",56,"25","57.1","40","48","0",53,"0","49",53,"92.5","49","145",255,"19.2","56.9"
1568,"Edgerton","23","66",126,"18.3","52.4","40","48","1",147,"0.7","120",128,"93.8","151","426",780,"19.4","54.6"
1582,"Elcho","11","18",30,"36.7","60","36","42","0",29,"0","27",28,"96.4","39","104",157,"24.8","66.2"
1600,"Eleva-Strum","16","31",49,"32.7","63.3","45","42","0",47,"0","46",47,"97.9","44","143",265,"16.6","54"
1631,"Elkhart Lake-Glenbeulah","10","25",46,"21.7","54.3","64","55","0",32,"0","32",34,"94.1","19","74",185,"10.3","40"
1638,"Elkhorn Area","57","118",220,"25.9","53.6","45","42","3",243,"1.2","216",227,"95.2","258","811",1557,"16.6","52.1"
1645,"Elk Mound Area","11","28",70,"15.7","40","58","61","2",85,"2.4","80",84,"95.2","77","278",551,"14","50.5"
1659,"Ellsworth Community","19","77",130,"14.6","59.2","40","55","0",117,"0","105",115,"91.3","67","332",726,"9.2","45.7"
1666,"Elmwood","7","26",42,"16.7","61.9","45","48","0",29,"0","28",29,"96.6","32","92",152,"21.1","60.5"
1673,"Royall","11","25",35,"31.4","71.4","40","42","0",37,"0","32",37,"86.5","47","161",258,"18.2","62.4"
1687,"Erin",NA,NA,NA,NA,NA,NA,NA,NA,NA,NA,NA,NA,NA,"5","76",218,"2.3","34.9"
1694,"Evansville Community","25","80",139,"18","57.6","45","48","4",135,"3","123",128,"96.1","105","391",831,"12.6","47.1"
1729,"Fall Creek","11","29",57,"19.3","50.9","40","42","0",63,"0","58",65,"89.2","66","188",364,"18.1","51.6"
1736,"Fall River","11","17",29,"37.9","58.6","40","42","1",43,"2.3","40",41,"97.6","48","138",225,"21.3","61.3"
1813,"Fennimore Community","12","30",50,"24","60","52","42","0",50,"0","46",48,"95.8","48","195",353,"13.6","55.2"
1848,"Lac du Flambeau #1",NA,NA,NA,NA,NA,NA,NA,NA,NA,NA,NA,NA,NA,"99","222",272,"36.4","81.6"
1855,"Florence County","7","25",30,"23.3","83.3","36","42","0",32,"0","25",30,"83.3","26","85",158,"16.5","53.8"
1862,"Fond du Lac","135","325",515,"26.2","63.1","40","42","6",544,"1.1","434",500,"86.8","587","1714",3127,"18.8","54.8"
1870,"Fontana J8",NA,NA,NA,NA,NA,NA,NA,NA,NA,NA,NA,NA,NA,"24","83",176,"13.6","47.2"
1883,"Fort Atkinson","47","123",220,"21.4","55.9","40","48","2",250,"0.8","224",239,"93.7","134","528",1251,"10.7","42.2"
1890,"Fox Point J2",NA,NA,NA,NA,NA,NA,NA,NA,NA,NA,NA,NA,NA,"34","159",563,"6","28.2"
1897,"Maple Dale-Indian Hill",NA,NA,NA,NA,NA,NA,NA,NA,NA,NA,NA,NA,NA,"42","137",323,"13","42.4"
1900,"Franklin Public","44","150",395,"11.1","38","58","61","3",450,"0.7","345",410,"84.1","150","714",1998,"7.5","35.7"
1939,"Frederic","14","24",36,"38.9","66.7","40","42","0",40,"0","33",39,"84.6","34","113",189,"18","59.8"
1945,"Northern Ozaukee","21","52",100,"21","52","52","48","0",117,"0","83",104,"79.8","51","195",448,"11.4","43.5"
1953,"Freedom Area","19","60",121,"15.7","49.6","52","55","1",149,"0.7","147",147,"100","71","339",691,"10.3","49.1"
2009,"Galesville-Ettrick-Trempealeau","32","71",101,"31.7","70.3","36","42","0",116,"0","105",110,"95.5","87","314",604,"14.4","52"
2016,"North Crawford","11","23",42,"26.2","54.8","45","48","0",33,"0","31",32,"96.9","49","138",197,"24.9","70.1"
2044,"Geneva J4",NA,NA,NA,NA,NA,NA,NA,NA,NA,NA,NA,NA,NA,"12","40",129,"9.3","31"
2051,"Genoa City J2",NA,NA,NA,NA,NA,NA,NA,NA,NA,NA,NA,NA,NA,"37","171",339,"10.9","50.4"
2058,"Germantown","44","126",356,"12.4","35.4","64","61","1",370,"0.3","345",363,"95","144","731",1726,"8.3","42.4"
2114,"Gibraltar Area","6","23",51,"11.8","45.1","58","55","3",57,"5.3","46",55,"83.6","18","90",254,"7.1","35.4"
2128,"Gillett","12","26",35,"34.3","74.3","32","36","1",45,"2.2","37",42,"88.1","41","113",251,"16.3","45"
2135,"Gilman","8","19",31,"25.8","61.3","45","42","0",33,"0","30",32,"93.8","34","103",163,"20.9","63.2"
2142,"Gilmanton","Redacted","Redacted",15,"Redacted","Redacted","Redacted","Redacted","Redacted",15,"Redacted","Redacted",15,"Redacted","6","33",68,"8.8","48.5"
2177,"Nicolet UHS","38","91",250,"15.2","36.4","64","61","1",287,"0.3","270",290,"93.1",NA,NA,NA,NA,NA
2184,"Glendale-River Hills",NA,NA,NA,NA,NA,NA,NA,NA,NA,NA,NA,NA,NA,"75","311",660,"11.4","47.1"
2198,"Glenwood City","9","29",53,"17","54.7","52","55","0",57,"0","54",56,"96.4","40","146",318,"12.6","45.9"
2212,"Goodman-Armstrong Creek","Redacted","Redacted",8,"Redacted","Redacted","Redacted","Redacted","Redacted",6,"Redacted","Redacted",6,"Redacted","10","36",56,"17.9","64.3"
2217,"Grafton","25","75",198,"12.6","37.9","58","61","1",201,"0.5","188",191,"98.4","95","360",914,"10.4","39.4"
2226,"Granton Area","12","19",23,"52.2","82.6","32","31","Redacted",17,"Redacted","Redacted",17,"Redacted","20","63",96,"20.8","65.6"
2233,"Grantsburg","59","127",198,"29.8","64.1","36","42","2",242,"0.8","145",197,"73.6","92","252",462,"19.9","54.5"
2240,"Black Hawk","12","22",26,"46.2","84.6","32","31","0",30,"0","27",29,"93.1","19","78",145,"13.1","53.8"
2289,"Green Bay Area Public","484","875",1333,"36.3","65.6","32","36","105",1514,"6.9","1186",1416,"83.8","2950","6064",9002,"32.8","67.4"
2296,"Greendale","35","112",232,"15.1","48.3","58","61","2",223,"0.9","219",222,"98.6","90","405",1155,"7.8","35.1"
2303,"Greenfield","64","172",301,"21.3","57.1","45","48","8",331,"2.4","264",321,"82.2","271","836",1502,"18","55.7"
2310,"Green Lake","4","12",20,"20","60","40","42","0",36,"0","36",37,"97.3","15","54",116,"12.9","46.6"
2394,"Greenwood","8","14",29,"27.6","48.3","45","48","0",33,"0","33",33,"100","17","86",150,"11.3","57.3"
2415,"Gresham","7","16",25,"28","64","40","42","0",23,"0","19",20,"95","49","111",139,"35.3","79.9"
2420,"Hamilton","33","123",350,"9.4","35.1","58","61","5",367,"1.4","354",363,"97.5","119","606",2022,"5.9","30"
2422,"Saint Croix Central","17","43",100,"17","43","58","55","0",94,"0","83",90,"92.2","90","304",692,"13","43.9"
2436,"Hartford UHS","57","142",339,"16.8","41.9","52","55","3",372,"0.8","314",352,"89.2",NA,NA,NA,NA,NA
2443,"Hartford J1",NA,NA,NA,NA,NA,NA,NA,NA,NA,NA,NA,NA,NA,"122","473",1084,"11.3","43.6"
2450,"Arrowhead UHS","38","160",533,"7.1","30","69","66","0",600,"0","568",574,"99",NA,NA,NA,NA,NA
2460,"Hartland-Lakeside J3",NA,NA,NA,NA,NA,NA,NA,NA,NA,NA,NA,NA,NA,"42","269",722,"5.8","37.3"
2478,"Hayward Community","44","84",132,"33.3","63.6","40","48","1",161,"0.6","120",155,"77.4","146","493",931,"15.7","53"
2485,"Southwestern Wisconsin","8","21",36,"22.2","58.3","45","48","0",46,"0","43",46,"93.5","35","146",223,"15.7","65.5"
2523,"Herman #22",NA,NA,NA,NA,NA,NA,NA,NA,NA,NA,NA,NA,NA,"4","19",45,"8.9","42.2"
2527,"Highland","1","14",25,"4","56","45","55","Redacted",16,"Redacted","Redacted",14,"Redacted","30","88",148,"20.3","59.5"
2534,"Hilbert","4","14",24,"16.7","58.3","52","55","0",39,"0","39",39,"100","22","75",184,"12","40.8"
2541,"Hillsboro","6","18",30,"20","60","45","48","0",40,"0","39",40,"97.5","39","119",226,"17.3","52.7"
2562,"Holmen","49","135",260,"18.8","51.9","52","48","7",328,"2.1","295",313,"94.2","201","753",1698,"11.8","44.3"
2576,"Horicon","12","37",58,"20.7","63.8","36","42","0",66,"0","54",58,"93.1","66","183",322,"20.5","56.8"
2583,"Hortonville Area","40","122",264,"15.2","46.2","52","55","1",283,"0.4","271",275,"98.5","192","759",1589,"12.1","47.8"
2604,"Howard-Suamico","62","217",467,"13.3","46.5","52","55","6",458,"1.3","419",442,"94.8","425","1302",2641,"16.1","49.3"
2605,"Howards Grove","9","22",66,"13.6","33.3","58","55","0",69,"0","67",68,"98.5","30","138",362,"8.3","38.1"
2611,"Hudson","41","180",454,"9","39.6","58","66","3",438,"0.7","428",446,"96","269","1170",2583,"10.4","45.3"
2618,"Hurley","14","30",42,"33.3","71.4","40","42","0",59,"0","57",59,"96.6","31","121",263,"11.8","46"
2625,"Hustisford","7","18",24,"29.2","75","40","36","1",29,"3.4","29",29,"100","39","119",194,"20.1","61.3"
2632,"Independence","12","30",38,"31.6","78.9","40","42","3",34,"8.8","33",34,"97.1","37","92",137,"27","67.2"
2639,"Iola-Scandinavia","18","41",63,"28.6","65.1","45","42","0",55,"0","54",57,"94.7","50","162",302,"16.6","53.6"
2646,"Iowa-Grant","7","21",50,"14","42","52","55","0",60,"0","53",56,"94.6","71","197",311,"22.8","63.3"
2660,"Ithaca","15","28",35,"42.9","80","36","36","0",34,"0","34",34,"100","49","143",192,"25.5","74.5"
2695,"Janesville","216","493",815,"26.5","60.5","40","42","16",858,"1.9","696",793,"87.8","807","2328",4264,"18.9","54.6"
2702,"Jefferson","39","94",152,"25.7","61.8","45","48","10",178,"5.6","165",172,"95.9","185","468",787,"23.5","59.5"
2730,"Johnson Creek","14","31",43,"32.6","72.1","40","42","1",42,"2.4","41",42,"97.6","62","186",303,"20.5","61.4"
2737,"Juda","6","11",22,"27.3","50","52","42","0",20,"0","18",21,"85.7","31","89",144,"21.5","61.8"
2744,"Dodgeland","14","31",68,"20.6","45.6","52","48","0",56,"0","53",57,"93","70","215",328,"21.3","65.5"
2758,"Kaukauna Area","49","131",276,"17.8","47.5","52","48","2",289,"0.7","265",280,"94.6","276","898",1708,"16.2","52.6"
2793,"Kenosha","573","1116",1731,"33.1","64.5","36","36","87",1978,"4.4","1516",1740,"87.1","2184","5365",9164,"23.8","58.5"
2800,"Kewaskum","30","81",150,"20","54","40","42","0",161,"0","138",154,"89.6","95","344",776,"12.2","44.3"
2814,"Kewaunee","27","48",79,"34.2","60.8","40","48","0",82,"0","73",77,"94.8","70","260",424,"16.5","61.3"
2828,"Kiel Area","28","59",107,"26.2","55.1","52","48","1",127,"0.8","117",118,"99.2","76","280",544,"14","51.5"
2835,"Kimberly Area","40","151",349,"11.5","43.3","52","55","0",358,"0","342",347,"98.6","253","944",2271,"11.1","41.6"
2842,"Kohler","4","9",60,"6.7","15","79","71","0",42,"0","41",42,"97.6","18","118",358,"5","33"
2849,"La Crosse","120","265",488,"24.6","54.3","45","48","11",502,"2.2","435",478,"91","645","1705",2839,"22.7","60.1"
2856,"Ladysmith","15","43",74,"20.3","58.1","45","42","0",70,"0","58",65,"89.2","51","171",331,"15.4","51.7"
2863,"La Farge","Redacted","Redacted",15,"Redacted","Redacted","Redacted","Redacted","Redacted",19,"Redacted","Redacted",19,"Redacted","24","75",112,"21.4","67"
2884,"Lake Geneva-Genoa City UHS","80","182",350,"22.9","52","45","48","8",372,"2.2","290",310,"93.5",NA,NA,NA,NA,NA
2885,"Lake Geneva J1",NA,NA,NA,NA,NA,NA,NA,NA,NA,NA,NA,NA,NA,"225","722",1310,"17.2","55.1"
2891,"Lake Holcombe","Redacted","Redacted",19,"Redacted","Redacted","Redacted","Redacted","0",30,"0","29",30,"96.7","24","89",137,"17.5","65"
2898,"Lake Mills Area","11","39",95,"11.6","41.1","58","61","1",106,"0.9","104",104,"100","162","399",699,"23.2","57.1"
2912,"Lancaster Community","10","43",73,"13.7","58.9","52","48","0",85,"0","82",83,"98.8","52","212",395,"13.2","53.7"
2940,"Laona","Redacted","Redacted",17,"Redacted","Redacted","Redacted","Redacted","Redacted",16,"Redacted","Redacted",16,"Redacted","13","41",90,"14.4","45.6"
2961,"Lena","8","19",22,"36.4","86.4","36","42","0",24,"0","22",24,"91.7","18","93",188,"9.6","49.5"
3087,"Linn J4",NA,NA,NA,NA,NA,NA,NA,NA,NA,NA,NA,NA,NA,"9","30",63,"14.3","47.6"
3094,"Linn J6",NA,NA,NA,NA,NA,NA,NA,NA,NA,NA,NA,NA,NA,"2","22",75,"2.7","29.3"
3122,"Richmond",NA,NA,NA,NA,NA,NA,NA,NA,NA,NA,NA,NA,NA,"19","116",319,"6","36.4"
3129,"Little Chute Area","26","53",118,"22","44.9","52","55","0",127,"0","101",117,"86.3","110","349",642,"17.1","54.4"
3150,"Lodi","8","45",101,"7.9","44.6","52","55","1",147,"0.7","132",139,"95","92","348",646,"14.2","53.9"
3171,"Lomira","16","64",104,"15.4","61.5","52","48","1",82,"1.2","76",79,"96.2","46","229",466,"9.9","49.1"
3206,"Loyal","9","17",33,"27.3","51.5","45","48","0",55,"0","51",51,"100","45","139",217,"20.7","64.1"
3213,"Luck","4","21",31,"12.9","67.7","45","55","0",35,"0","34",35,"97.1","58","136",215,"27","63.3"
3220,"Luxemburg-Casco","32","88",170,"18.8","51.8","52","48","2",157,"1.3","142",153,"92.8","78","345",805,"9.7","42.9"
3269,"Madison Metropolitan","392","798",1720,"22.8","46.4","52","55","210",2244,"9.4","1436",1828,"78.6","3518","6805",11259,"31.2","60.4"
3276,"Manawa","17","41",53,"32.1","77.4","36","36","0",54,"0","47",54,"87","40","156",292,"13.7","53.4"
3290,"Manitowoc","94","220",377,"24.9","58.4","40","48","16",485,"3.3","359",426,"84.3","376","1202",2137,"17.6","56.2"
3297,"Maple","20","56",115,"17.4","48.7","52","55","0",109,"0","98",103,"95.1","106","315",582,"18.2","54.1"
3304,"Marathon City","5","20",42,"11.9","47.6","52","48","1",63,"1.6","62",64,"96.9","58","136",269,"21.6","50.6"
3311,"Marinette","55","108",158,"34.8","68.4","36","36","1",157,"0.6","130",143,"90.9","214","604",900,"23.8","67.1"
3318,"Marion","19","30",37,"51.4","81.1","32","31","0",41,"0","32",36,"88.9","46","118",190,"24.2","62.1"
3325,"Markesan","11","28",59,"18.6","47.5","45","48","0",66,"0","62",66,"93.9","61","183",354,"17.2","51.7"
3332,"Marshall","23","55",77,"29.9","71.4","36","42","6",91,"6.6","85",87,"97.7","100","308",470,"21.3","65.5"
3339,"Marshfield Unified","41","137",297,"13.8","46.1","58","61","2",330,"0.6","285",312,"91.3","196","721",1729,"11.3","41.7"
3360,"Mauston","37","84",123,"30.1","68.3","36","36","0",132,"0","107",124,"86.3","173","435",610,"28.4","71.3"
3367,"Mayville","14","56",96,"14.6","58.3","45","48","2",94,"2.1","89",91,"97.8","78","262",497,"15.7","52.7"
3381,"McFarland","119","239",445,"26.7","53.7","45","55","2",535,"0.4","352",454,"77.5","312","872",1776,"17.6","49.1"
3409,"Medford Area Public","50","108",165,"30.3","65.5","40","48","1",178,"0.6","132",154,"85.7","151","558",1078,"14","51.8"
3427,"Mellen","Redacted","Redacted",15,"Redacted","Redacted","Redacted","Redacted","0",42,"0","17",25,"68","32","90",119,"26.9","75.6"
3428,"Melrose-Mindoro","15","43",59,"25.4","72.9","36","42","0",49,"0","47",48,"97.9","48","169",346,"13.9","48.8"
3430,"Menasha Joint","74","159",217,"34.1","73.3","36","36","7",267,"2.6","235",260,"90.4","347","940",1477,"23.5","63.6"
3434,"Menominee Indian","36","49",67,"53.7","73.1","16","21","0",74,"0","63",74,"85.1","220","313",338,"65.1","92.6"
3437,"Menomonee Falls","26","123",327,"8","37.6","64","61","0",338,"0","322",334,"96.4","221","768",1701,"13","45.1"
3444,"Menomonie Area","56","123",216,"25.9","56.9","45","48","7",281,"2.5","233",255,"91.4","340","853",1391,"24.4","61.3"
3479,"Mequon-Thiensville","22","81",327,"6.7","24.8","74","71","3",338,"0.9","324",330,"98.2","124","487",1659,"7.5","29.4"
3484,"Mercer","Redacted","Redacted",9,"Redacted","Redacted","Redacted","Redacted","Redacted",7,"Redacted","Redacted",7,"Redacted","3","17",72,"4.2","23.6"
3500,"Merrill Area","65","153",239,"27.2","64","40","42","3",290,"1","239",263,"90.9","344","809",1400,"24.6","57.8"
3510,"Swallow",NA,NA,NA,NA,NA,NA,NA,NA,NA,NA,NA,NA,NA,"14","105",408,"3.4","25.7"
3514,"North Lake",NA,NA,NA,NA,NA,NA,NA,NA,NA,NA,NA,NA,NA,"16","68",250,"6.4","27.2"
3528,"Merton Community",NA,NA,NA,NA,NA,NA,NA,NA,NA,NA,NA,NA,NA,"62","258",629,"9.9","41"
3542,"Stone Bank",NA,NA,NA,NA,NA,NA,NA,NA,NA,NA,NA,NA,NA,"12","62",229,"5.2","27.1"
3549,"Middleton-Cross Plains Area","62","157",534,"11.6","29.4","69","71","9",557,"1.6","441",498,"88.6","328","1203",3105,"10.6","38.7"
3612,"Milton","59","142",251,"23.5","56.6","45","48","3",247,"1.2","231",239,"96.7","216","784",1536,"14.1","51"
3619,"Milwaukee","1684","2821",4280,"39.3","65.9","27","31","249",4410,"5.6","3148",5213,"60.4","14844","24821",31523,"47.1","78.7"
3633,"Mineral Point Unified","13","30",55,"23.6","54.5","45","55","0",53,"0","51",51,"100","38","133",307,"12.4","43.3"
3640,"Minocqua J1",NA,NA,NA,NA,NA,NA,NA,NA,NA,NA,NA,NA,NA,"47","141",357,"13.2","39.5"
3647,"Lakeland UHS","33","86",171,"19.3","50.3","52","42","0",182,"0","173",181,"95.6",NA,NA,NA,NA,NA
3654,"Northwood","Redacted","Redacted",18,"Redacted","Redacted","Redacted","Redacted","0",29,"0","27",29,"93.1","42","97",148,"28.4","65.5"
3661,"Mishicot","16","39",62,"25.8","62.9","40","42","0",70,"0","68",70,"97.1","30","157",355,"8.5","44.2"
3668,"Mondovi","14","31",55,"25.5","56.4","45","48","0",66,"0","60",63,"95.2","63","198",418,"15.1","47.4"
3675,"Monona Grove","36","93",247,"14.6","37.7","64","61","2",238,"0.8","219",223,"98.2","196","605",1400,"14","43.2"
3682,"Monroe","32","95",166,"19.3","57.2","52","48","1",180,"0.6","168",175,"96","204","597",1077,"18.9","55.4"
3689,"Montello","23","45",54,"42.6","83.3","32","36","0",66,"0","59",64,"92.2","94","207",308,"30.5","67.2"
3696,"Monticello","4","12",22,"18.2","54.5","45","42","0",22,"0","22",22,"100","23","90",158,"14.6","57"
3787,"Mosinee","49","101",165,"29.7","61.2","40","42","0",206,"0","192",203,"94.6","139","470",911,"15.3","51.6"
3794,"Mount Horeb Area","22","58",159,"13.8","36.5","64","61","2",181,"1.1","4",173,"2.3","136","507",1129,"12","44.9"
3822,"Mukwonago","45","161",386,"11.7","41.7","52","55","1",392,"0.3","375",384,"97.7","179","877",2178,"8.2","40.3"
3850,"Riverdale","15","31",48,"31.2","64.6","40","42","0",38,"0","36",38,"94.7","52","157",284,"18.3","55.3"
3857,"Muskego-Norway","43","163",414,"10.4","39.4","58","61","0",435,"0","402",418,"96.2","188","884",2120,"8.9","41.7"
3862,"Lake Country",NA,NA,NA,NA,NA,NA,NA,NA,NA,NA,NA,NA,NA,"16","107",359,"4.5","29.8"
3871,"Necedah Area","17","33",50,"34","66","36","42","0",59,"0","53",56,"94.6","64","165",302,"21.2","54.6"
3892,"Neenah Joint","83","213",458,"18.1","46.5","52","55","7",486,"1.4","384",453,"84.8","366","1271",2821,"13","45.1"
3899,"Neillsville","17","43",72,"23.6","59.7","40","42","0",83,"0","72",79,"91.1","100","270",408,"24.5","66.2"
3906,"Nekoosa","35","70",103,"34","68","40","42","0",108,"0","90",97,"92.8","126","328",503,"25","65.2"
3913,"Neosho J3",NA,NA,NA,NA,NA,NA,NA,NA,NA,NA,NA,NA,NA,"23","70",127,"18.1","55.1"
3920,"New Auburn","6","12",20,"30","60","45","55","0",26,"0","24",27,"88.9","32","93",133,"24.1","69.9"
3925,"New Berlin","36","141",397,"9.1","35.5","69","66","0",406,"0","395",404,"97.8","212","799",2007,"10.6","39.8"
3934,"New Glarus","11","34",68,"16.2","50","52","55","1",71,"1.4","69",71,"97.2","69","222",452,"15.3","49.1"
3941,"New Holstein","21","50",86,"24.4","58.1","52","42","0",92,"0","87",90,"96.7","78","247",440,"17.7","56.1"
3948,"New Lisbon","22","36",45,"48.9","80","32","36","0",48,"0","41",49,"83.7","73","187",274,"26.6","68.2"
3955,"New London","68","135",195,"34.9","69.2","40","36","3",207,"1.4","183",194,"94.3","204","619",1032,"19.8","60"
3962,"New Richmond","43","108",211,"20.4","51.2","45","48","0",219,"0","199",207,"96.1","168","621",1437,"11.7","43.2"
3969,"Niagara","1","14",36,"2.8","38.9","58","61","0",41,"0","34",37,"91.9","38","121",194,"19.6","62.4"
3976,"Norris","Redacted","Redacted",11,"Redacted","Redacted","Redacted","Redacted","Redacted",12,"Redacted","Redacted",9,"Redacted","Redacted","Redacted",12,"Redacted","Redacted"
3983,"North Fond du Lac","37","74",101,"36.6","73.3","36","36","4",104,"3.8","0",99,"0","173","401",556,"31.1","72.1"
3990,"Norwalk-Ontario-Wilton","15","35",56,"26.8","62.5","36","48","1",52,"1.9","50",52,"96.2","59","191",304,"19.4","62.8"
4011,"Norway J7",NA,NA,NA,NA,NA,NA,NA,NA,NA,NA,NA,NA,NA,"9","21",56,"16.1","37.5"
4018,"Oak Creek-Franklin Joint","111","299",526,"21.1","56.8","45","48","12",504,"2.4","480",489,"98.2","378","1342",2830,"13.4","47.4"
4025,"Oakfield","6","15",33,"18.2","45.5","52","55","0",23,"0","0",21,"0","17","99",243,"7","40.7"
4060,"Oconomowoc Area","50","162",389,"12.9","41.6","52","61","1",349,"0.3","323",344,"93.9","356","1188",2332,"15.3","50.9"
4067,"Oconto Unified","26","62",85,"30.6","72.9","36","42","0",84,"0","69",70,"98.6","117","292",459,"25.5","63.6"
4074,"Oconto Falls Public","27","63",122,"22.1","51.6","45","48","2",138,"1.4","121",134,"90.3","103","382",741,"13.9","51.6"
4088,"Omro","30","59",105,"28.6","56.2","40","42","1",111,"0.9","98",106,"92.5","79","295",540,"14.6","54.6"
4095,"Onalaska","39","113",236,"16.5","47.9","52","55","2",226,"0.9","206",219,"94.1","186","650",1357,"13.7","47.9"
4137,"Oostburg","9","36",90,"10","40","64","55","1",80,"1.2","76",77,"98.7","42","172",431,"9.7","39.9"
4144,"Oregon","32","94",240,"13.3","39.2","58","61","0",316,"0","282",288,"97.9","197","726",1670,"11.8","43.5"
4151,"Parkview","16","39",69,"23.2","56.5","52","55","0",67,"0","64",67,"95.5","58","181",321,"18.1","56.4"
4165,"Osceola","18","73",123,"14.6","59.3","45","48","2",131,"1.5","122",128,"95.3","122","370",741,"16.5","49.9"
4179,"Oshkosh Area","209","417",710,"29.4","58.7","40","42","30",780,"3.8","658",726,"90.6","1103","2671",4225,"26.1","63.2"
4186,"Osseo-Fairchild","16","37",66,"24.2","56.1","45","48","0",56,"0","54",59,"91.5","107","266",404,"26.5","65.8"
4207,"Owen-Withee","11","25",34,"32.4","73.5","36","42","0",33,"0","30",31,"96.8","52","150",228,"22.8","65.8"
4221,"Palmyra-Eagle Area","23","45",66,"34.8","68.2","36","36","2",96,"2.1","78",85,"91.8","54","225",367,"14.7","61.3"
4228,"Pardeeville Area","17","40",67,"25.4","59.7","45","42","0",60,"0","56",59,"94.9","61","198",354,"17.2","55.9"
4235,"Paris J1",NA,NA,NA,NA,NA,NA,NA,NA,NA,NA,NA,NA,NA,"10","81",188,"5.3","43.1"
4263,"Beecher-Dunbar-Pembine","Redacted","Redacted",18,"Redacted","Redacted","Redacted","Redacted","Redacted",17,"Redacted","Redacted",17,"Redacted","31","79",113,"27.4","69.9"
4270,"Pepin Area","Redacted","Redacted",17,"Redacted","Redacted","Redacted","Redacted","0",23,"0","23",23,"100","17","46",92,"18.5","50"
4305,"Peshtigo","24","50",87,"27.6","57.5","45","48","0",97,"0","91",94,"96.8","90","294",506,"17.8","58.1"
4312,"Pewaukee","26","80",204,"12.7","39.2","64","61","0",217,"0","201",211,"95.3","160","537",1288,"12.4","41.7"
4330,"Phelps","Redacted","Redacted",11,"Redacted","Redacted","Redacted","Redacted","Redacted",6,"Redacted","Redacted",6,"Redacted","15","38",61,"24.6","62.3"
4347,"Phillips","20","32",61,"32.8","52.5","52","42","1",60,"1.7","54",58,"93.1","73","182",328,"22.3","55.5"
4368,"Pittsville","7","19",33,"21.2","57.6","45","55","0",55,"0","50",53,"94.3","41","151",245,"16.7","61.6"
4375,"Tri-County Area","15","26",41,"36.6","63.4","40","36","0",45,"0","43",45,"95.6","60","162",260,"23.1","62.3"
4389,"Platteville","17","49",105,"16.2","46.7","58","55","0",109,"0","98",106,"92.5","64","252",662,"9.7","38.1"
4459,"Plum City","3","7",23,"13","30.4","69","61","1",24,"4.2","24",24,"100","22","83",124,"17.7","66.9"
4473,"Plymouth Joint","33","91",188,"17.6","48.4","52","48","0",201,"0","189",196,"96.4","201","573",918,"21.9","62.4"
4501,"Portage Community","40","97",204,"19.6","47.5","52","48","2",197,"1","23",188,"12.2","251","637",1054,"23.8","60.4"
4508,"Port Edwards","Redacted","Redacted",14,"Redacted","Redacted","Redacted","Redacted","0",40,"0","30",39,"76.9","15","61",139,"10.8","43.9"
4515,"Port Washington-Saukville","36","101",219,"16.4","46.1","58","55","0",219,"0","209",212,"98.6","80","401",1051,"7.6","38.2"
4522,"South Shore","Redacted","Redacted",13,"Redacted","Redacted","Redacted","Redacted","Redacted",18,"Redacted","Redacted",15,"Redacted","12","41",68,"17.6","60.3"
4529,"Potosi","5","15",24,"20.8","62.5","45","48","0",28,"0","28",28,"100","20","81",132,"15.2","61.4"
4536,"Poynette","19","52",90,"21.1","57.8","40","48","0",93,"0","86",88,"97.7","69","253",498,"13.9","50.8"
4543,"Prairie du Chien Area","11","36",77,"14.3","46.8","52","55","0",99,"0","95",98,"96.9","59","242",448,"13.2","54"
4557,"Prairie Farm Public","9","22",27,"33.3","81.5","36","42","0",25,"0","24",25,"96","22","89",165,"13.3","53.9"
4571,"Prentice","3","12",23,"13","52.2","45","55","0",35,"0","33",35,"94.3","35","104",193,"18.1","53.9"
4578,"Prescott","7","41",90,"7.8","45.6","58","61","0",96,"0","88",91,"96.7","72","292",607,"11.9","48.1"
4606,"Princeton","4","10",24,"16.7","41.7","52","55","0",39,"0","33",36,"91.7","23","85",172,"13.4","49.4"
4613,"Pulaski Community","63","138",260,"24.2","53.1","52","48","0",264,"0","247",254,"97.2","277","956",1639,"16.9","58.3"
4620,"Racine Unified","491","875",1374,"35.7","63.7","32","36","99",1695,"5.8","1139",1483,"76.8","3840","6274",8039,"47.8","78"
4627,"Randall J1",NA,NA,NA,NA,NA,NA,NA,NA,NA,NA,NA,NA,NA,"40","174",411,"9.7","42.3"
4634,"Randolph","8","25",45,"17.8","55.6","45","48","1",38,"2.6","33",38,"86.8","34","141",240,"14.2","58.8"
4641,"Random Lake","8","39",79,"10.1","49.4","52","48","0",80,"0","67",74,"90.5","81","216",387,"20.9","55.8"
4686,"Raymond #14",NA,NA,NA,NA,NA,NA,NA,NA,NA,NA,NA,NA,NA,"26","113",267,"9.7","42.3"
4690,"North Cape",NA,NA,NA,NA,NA,NA,NA,NA,NA,NA,NA,NA,NA,"11","41",104,"10.6","39.4"
4753,"Reedsburg","47","100",179,"26.3","55.9","45","48","0",236,"0","209",221,"94.6","190","585",1154,"16.5","50.7"
4760,"Reedsville","8","25",51,"15.7","49","58","55","0",44,"0","34",38,"89.5","15","89",222,"6.8","40.1"
4781,"Rhinelander","49","102",182,"26.9","56","40","48","0",232,"0","195",221,"88.2","244","633",976,"25","64.9"
4795,"Rib Lake","Redacted","Redacted",19,"Redacted","Redacted","Redacted","Redacted","1",34,"2.9","32",33,"97","25","105",201,"12.4","52.2"
4802,"Rice Lake Area","32","106",189,"16.9","56.1","45","48","2",192,"1","158",167,"94.6","171","508",945,"18.1","53.8"
4820,"Richfield J1",NA,NA,NA,NA,NA,NA,NA,NA,NA,NA,NA,NA,NA,"13","72",276,"4.7","26.1"
4843,"Friess Lake",NA,NA,NA,NA,NA,NA,NA,NA,NA,NA,NA,NA,NA,"8","39",129,"6.2","30.2"
4851,"Richland","21","56",95,"22.1","58.9","45","48","5",124,"4","80",121,"66.1","181","418",600,"30.2","69.7"
4865,"Rio Community","7","25",33,"21.2","75.8","36","36","0",29,"0","27",30,"90","41","118",193,"21.2","61.1"
4872,"Ripon Area","25","76",142,"17.6","53.5","52","48","4",119,"3.4","106",117,"90.6","90","333",739,"12.2","45.1"
4893,"River Falls","27","101",242,"11.2","41.7","52","61","1",261,"0.4","222",250,"88.8","184","681",1449,"12.7","47"
4904,"River Ridge","10","18",30,"33.3","60","45","48","1",37,"2.7","36",37,"97.3","51","155",242,"21.1","64"
4956,"Rosendale-Brandon","13","54",94,"13.8","57.4","45","48","0",72,"0","67",70,"95.7","39","201",469,"8.3","42.9"
4963,"Rosholt","11","28",45,"24.4","62.2","45","42","0",52,"0","52",53,"98.1","60","148",245,"24.5","60.4"
4970,"D C Everest Area","72","192",371,"19.4","51.8","52","55","0",430,"0","384",407,"94.3","407","1365",2579,"15.8","52.9"
4998,"Rubicon J6",NA,NA,NA,NA,NA,NA,NA,NA,NA,NA,NA,NA,NA,"8","27",48,"16.7","56.2"
5019,"Saint Croix Falls","16","37",67,"23.9","55.2","40","42","0",75,"0","69",72,"95.8","57","197",518,"11","38"
5026,"Saint Francis","36","92",124,"29","74.2","40","36","8",134,"6","121",134,"90.3","89","252",415,"21.4","60.7"
5054,"Central/Westosha UHS","51","154",299,"17.1","51.5","52","48","2",293,"0.7","262",279,"93.9",NA,NA,NA,NA,NA
5068,"Salem",NA,NA,NA,NA,NA,NA,NA,NA,NA,NA,NA,NA,NA,"67","288",588,"11.4","49"
5100,"Sauk Prairie","32","94",197,"16.2","47.7","52","55","12",218,"5.5","201",216,"93.1","196","633",1227,"16","51.6"
5124,"Seneca","Redacted","Redacted",15,"Redacted","Redacted","Redacted","Redacted","Redacted",16,"Redacted","Redacted",17,"Redacted","13","57",132,"9.8","43.2"
5130,"Sevastopol","10","19",45,"22.2","42.2","64","55","0",43,"0","40",42,"95.2","11","86",247,"4.5","34.8"
5138,"Seymour Community","39","107",171,"22.8","62.6","45","48","0",194,"0","156",177,"88.1","208","593",1063,"19.6","55.8"
5258,"Sharon J11",NA,NA,NA,NA,NA,NA,NA,NA,NA,NA,NA,NA,NA,"38","113",183,"20.8","61.7"
5264,"Shawano","53","123",195,"27.2","63.1","40","48","0",214,"0","157",187,"84","285","677",1073,"26.6","63.1"
5271,"Sheboygan Area","226","496",762,"29.7","65.1","40","42","28",788,"3.6","673",751,"89.6","1132","2706",4354,"26","62.1"
5278,"Sheboygan Falls","26","82",139,"18.7","59","45","48","0",141,"0","133",138,"96.4","175","485",740,"23.6","65.5"
5306,"Shell Lake","5","21",51,"9.8","41.2","58","55","0",38,"0","36",38,"94.7","54","175",301,"17.9","58.1"
5348,"Shiocton","15","32",52,"28.8","61.5","40","42","0",46,"0","46",46,"100","58","162",310,"18.7","52.3"
5355,"Shorewood","16","50",156,"10.3","32.1","64","66","4",187,"2.1","166",181,"91.7","98","323",922,"10.6","35"
5362,"Shullsburg","6","19",30,"20","63.3","40","42","Redacted",19,"Redacted","17",20,"85","25","80",172,"14.5","46.5"
5369,"Silver Lake J1",NA,NA,NA,NA,NA,NA,NA,NA,NA,NA,NA,NA,NA,"43","157",324,"13.3","48.5"
5376,"Siren","11","24",34,"32.4","70.6","36","42","0",35,"0","25",29,"86.2","43","133",203,"21.2","65.5"
5390,"Slinger","25","109",245,"10.2","44.5","58","55","0",240,"0","221",228,"96.9","100","465",1310,"7.6","35.5"
5397,"Solon Springs","9","14",21,"42.9","66.7","32","25","0",25,"0","1",23,"4.3","25","66",104,"24","63.5"
5432,"Somerset","26","74",126,"20.6","58.7","45","48","0",111,"0","105",107,"98.1","106","355",667,"15.9","53.2"
5439,"South Milwaukee","74","163",276,"26.8","59.1","40","42","7",292,"2.4","278",289,"96.2","397","916",1362,"29.1","67.3"
5457,"Southern Door County","10","43",83,"12","51.8","52","42","0",95,"0","86",90,"95.6","83","277",467,"17.8","59.3"
5460,"Sparta Area","64","147",201,"31.8","73.1","36","36","4",206,"1.9","191",202,"94.6","304","814",1219,"24.9","66.8"
5467,"Spencer","7","26",54,"13","48.1","58","48","0",63,"0","62",63,"98.4","52","156",322,"16.1","48.4"
5474,"Spooner Area","31","57",96,"32.3","59.4","40","42","0",92,"0","70",88,"79.5","134","342",547,"24.5","62.5"
5523,"River Valley","19","63",121,"15.7","52.1","52","55","3",108,"2.8","106",108,"98.1","78","277",535,"14.6","51.8"
5586,"Spring Valley","13","32",48,"27.1","66.7","40","48","0",53,"0","52",52,"100","51","181",344,"14.8","52.6"
5593,"Stanley-Boyd Area","14","44",88,"15.9","50","52","48","0",74,"0","71",73,"97.3","76","256",446,"17","57.4"
5607,"Stevens Point Area Public","104","273",515,"20.2","53","45","55","12",569,"2.1","448",529,"84.7","582","1728",3012,"19.3","57.4"
5614,"Stockbridge","Redacted","Redacted",16,"Redacted","Redacted","Redacted","Redacted","Redacted",10,"Redacted","Redacted",10,"Redacted","19","55",106,"17.9","51.9"
5621,"Stoughton Area","45","132",284,"15.8","46.5","52","55","3",268,"1.1","257",262,"98.1","242","707",1332,"18.2","53.1"
5628,"Stratford","14","37",77,"18.2","48.1","52","42","2",70,"2.9","70",73,"95.9","61","217",417,"14.6","52"
5642,"Sturgeon Bay","13","47",100,"13","47","58","55","0",101,"0","93",95,"97.9","61","241",506,"12.1","47.6"
5656,"Sun Prairie Area","84","242",565,"14.9","42.8","58","55","21",566,"3.7","479",532,"90","662","1818",3488,"19","52.1"
5663,"Superior","80","177",320,"25","55.3","45","48","1",354,"0.3","290",337,"86.1","437","1145",1929,"22.7","59.4"
5670,"Suring Public","7","20",32,"21.9","62.5","40","42","0",29,"0","28",29,"96.6","44","130",185,"23.8","70.3"
5726,"Thorp","19","35",49,"38.8","71.4","40","42","0",47,"0","45",46,"97.8","31","121",254,"12.2","47.6"
5733,"Three Lakes","10","24",39,"25.6","61.5","45","42","0",34,"0","32",35,"91.4","33","116",216,"15.3","53.7"
5740,"Tigerton","6","14",22,"27.3","63.6","45","48","0",22,"0","21",21,"100","14","58",87,"16.1","66.7"
5747,"Tomah Area","46","128",225,"20.4","56.9","40","48","1",231,"0.4","209",225,"92.9","292","787",1244,"23.5","63.3"
5754,"Tomahawk","18","46",102,"17.6","45.1","45","48","0",117,"0","106",111,"95.5","102","324",560,"18.2","57.9"
5757,"Flambeau","15","26",38,"39.5","68.4","36","36","0",51,"0","46",51,"90.2","76","186",260,"29.2","71.5"
5780,"Trevor-Wilmot Consolidated",NA,NA,NA,NA,NA,NA,NA,NA,NA,NA,NA,NA,NA,"31","157",343,"9","45.8"
5810,"Turtle Lake","10","16",26,"38.5","61.5","40","42","0",34,"0","32",33,"97","31","97",173,"17.9","56.1"
5817,"Twin Lakes #4",NA,NA,NA,NA,NA,NA,NA,NA,NA,NA,NA,NA,NA,"47","134",218,"21.6","61.5"
5824,"Two Rivers Public","31","87",131,"23.7","66.4","40","42","1",124,"0.8","92",113,"81.4","116","449",764,"15.2","58.8"
5852,"Union Grove UHS","48","133",259,"18.5","51.4","52","55","1",253,"0.4","246",250,"98.4",NA,NA,NA,NA,NA
5859,"Union Grove J1",NA,NA,NA,NA,NA,NA,NA,NA,NA,NA,NA,NA,NA,"91","300",566,"16.1","53"
5866,"Valders Area","11","47",85,"12.9","55.3","52","48","2",80,"2.5","75",79,"94.9","37","169",386,"9.6","43.8"
5901,"Verona Area","61","151",363,"16.8","41.6","58","55","13",420,"3.1","377",400,"94.2","445","1203",2359,"18.9","51"
5960,"Kickapoo Area","12","26",40,"30","65","36","42","0",34,"0","30",33,"90.9","48","121",215,"22.3","56.3"
5985,"Viroqua Area","12","46",86,"14","53.5","45","55","0",79,"0","71",74,"95.9","69","213",469,"14.7","45.4"
5992,"Wabeno Area","10","24",34,"29.4","70.6","36","42","0",44,"0","41",41,"100","42","105",175,"24","60"
6013,"Big Foot UHS","26","72",121,"21.5","59.5","40","42","5",142,"3.5","125",135,"92.6",NA,NA,NA,NA,NA
6022,"Walworth J1",NA,NA,NA,NA,NA,NA,NA,NA,NA,NA,NA,NA,NA,"54","159",306,"17.6","52"
6027,"Washburn","9","23",56,"16.1","41.1","45","55","0",56,"0","0",51,"0","45","112",242,"18.6","46.3"
6069,"Washington","Redacted","Redacted",8,"Redacted","Redacted","Redacted","Redacted","Redacted",7,"Redacted","Redacted",6,"Redacted","7","19",32,"21.9","59.4"
6083,"Waterford UHS","37","95",242,"15.3","39.3","58","61","1",306,"0.3","3",295,"1",NA,NA,NA,NA,NA
6104,"Washington-Caldwell",NA,NA,NA,NA,NA,NA,NA,NA,NA,NA,NA,NA,NA,"5","40",117,"4.3","34.2"
6113,"Waterford Graded J1",NA,NA,NA,NA,NA,NA,NA,NA,NA,NA,NA,NA,NA,"84","437",1039,"8.1","42.1"
6118,"Waterloo","12","33",74,"16.2","44.6","58","48","5",63,"7.9","61",61,"100","76","207",307,"24.8","67.4"
6125,"Watertown Unified","83","189",360,"23.1","52.5","45","48","5",309,"1.6","284",304,"93.4","371","972",1537,"24.1","63.2"
6174,"Waukesha","248","566",1080,"23","52.4","45","48","30",1172,"2.6","961",1135,"84.7","1250","3089",5475,"22.8","56.4"
6181,"Waunakee Community","26","93",299,"8.7","31.1","69","66","1",299,"0.3","272",283,"96.1","112","610",1817,"6.2","33.6"
6195,"Waupaca","42","101",170,"24.7","59.4","52","48","0",166,"0","145",158,"91.8","198","546",936,"21.2","58.3"
6216,"Waupun","38","83",120,"31.7","69.2","36","42","1",139,"0.7","129",133,"97","144","439",805,"17.9","54.5"
6223,"Wausau","141","333",625,"22.6","53.3","45","48","20",651,"3.1","526",594,"88.6","571","1736",3467,"16.5","50.1"
6230,"Wausaukee","9","26",34,"26.5","76.5","36","42","0",51,"0","46",50,"92","66","139",200,"33","69.5"
6237,"Wautoma Area","29","67",97,"29.9","69.1","36","36","3",108,"2.8","83",104,"79.8","142","406",602,"23.6","67.4"
6244,"Wauwatosa","87","237",541,"16.1","43.8","52","61","3",615,"0.5","538",581,"92.6","433","1358",3128,"13.8","43.4"
6251,"Wauzeka-Steuben","2","11",20,"10","55","36","48","0",26,"0","24",26,"92.3","21","72",136,"15.4","52.9"
6293,"Webster","11","26",42,"26.2","61.9","40","48","1",45,"2.2","39",44,"88.6","79","182",300,"26.3","60.7"
6300,"West Allis-West Milwaukee","311","579",819,"38","70.7","36","36","19",842,"2.3","729",800,"91.1","1005","2316",3844,"26.1","60.2"
6307,"West Bend","105","271",542,"19.4","50","52","55","5",582,"0.9","521",552,"94.4","507","1425",2923,"17.3","48.8"
6321,"Westby Area","13","40",81,"16","49.4","45","55","0",81,"0","76",80,"95","103","292",495,"20.8","59"
6328,"West De Pere","39","94",204,"19.1","46.1","58","55","0",213,"0","198",201,"98.5","192","746",1473,"13","50.6"
6335,"Westfield","18","42",77,"23.4","54.5","52","42","1",84,"1.2","80",88,"90.9","77","259",422,"18.2","61.4"
6354,"Weston","5","19",22,"22.7","86.4","32","36","0",25,"0","24",24,"100","22","74",126,"17.5","58.7"
6370,"West Salem","28","82",157,"17.8","52.2","58","55","0",125,"0","118",122,"96.7","69","331",784,"8.8","42.2"
6384,"Weyauwega-Fremont","13","40",63,"20.6","63.5","52","48","1",72,"1.4","66",71,"93","31","173",348,"8.9","49.7"
6412,"Wheatland J1",NA,NA,NA,NA,NA,NA,NA,NA,NA,NA,NA,NA,NA,"50","153",328,"15.2","46.6"
6419,"Whitefish Bay","14","43",215,"6.5","20","79","78","1",266,"0.4","243",252,"96.4","68","357",1310,"5.2","27.3"
6426,"Whitehall","12","27",40,"30","67.5","36","31","0",65,"0","63",68,"92.6","66","209",326,"20.2","64.1"
6440,"White Lake","Redacted","Redacted",16,"Redacted","Redacted","Redacted","Redacted","Redacted",14,"Redacted","Redacted",14,"Redacted","19","50",63,"30.2","79.4"
6461,"Whitewater Unified","33","78",134,"24.6","58.2","45","48","7",171,"4.1","146",160,"91.2","186","485",827,"22.5","58.6"
6470,"Whitnall","33","92",197,"16.8","46.7","52","55","1",206,"0.5","195",200,"97.5","163","523",1077,"15.1","48.6"
6475,"Wild Rose","8","25",44,"18.2","56.8","45","48","1",47,"2.1","41",46,"89.1","23","118",250,"9.2","47.2"
6482,"Williams Bay","3","11",33,"9.1","33.3","64","66","0",35,"0","34",34,"100","42","166",320,"13.1","51.9"
6545,"Wilmot UHS","50","150",264,"18.9","56.8","45","48","1",292,"0.3","245",273,"89.7",NA,NA,NA,NA,NA
6608,"Winneconne Community","19","49",108,"17.6","45.4","52","55","2",126,"1.6","119",123,"96.7","53","246",703,"7.5","35"
6615,"Winter","Redacted","Redacted",16,"Redacted","Redacted","Redacted","Redacted","0",24,"0","24",25,"96","10","53",110,"9.1","48.2"
6678,"Wisconsin Dells","18","44",92,"19.6","47.8","52","48","4",121,"3.3","94",109,"86.2","195","498",806,"24.2","61.8"
6685,"Wisconsin Rapids","80","195",371,"21.6","52.6","52","48","5",482,"1","394",429,"91.8","365","1116",2143,"17","52.1"
6692,"Wittenberg-Birnamwood","14","42",77,"18.2","54.5","45","55","0",73,"0","64",70,"91.4","78","291",509,"15.3","57.2"
6713,"Wonewoc-Union Center","4","13",25,"16","52","45","55","0",22,"0","22",22,"100","30","103",149,"20.1","69.1"
6720,"Woodruff J1",NA,NA,NA,NA,NA,NA,NA,NA,NA,NA,NA,NA,NA,"56","175",332,"16.9","52.7"
6734,"Wrightstown Community","13","43",108,"12","39.8","64","61","0",111,"0","105",110,"95.5","27","181",546,"4.9","33.2"
6748,"Yorkville J2",NA,NA,NA,NA,NA,NA,NA,NA,NA,NA,NA,NA,NA,"39","149",347,"11.2","42.9"
8101,"Downtown Montessori",NA,NA,NA,NA,NA,NA,NA,NA,NA,NA,NA,NA,NA,"13","45",94,"13.8","47.9"
8103,"Milwaukee College Preparatory School --",NA,NA,NA,NA,NA,NA,NA,NA,NA,NA,NA,NA,NA,"27","146",301,"9","48.5"
8105,"Central City Cyberschool",NA,NA,NA,NA,NA,NA,NA,NA,NA,NA,NA,NA,NA,"93","217",268,"34.7","81"
8106,"Milwaukee Academy of Science","14","25",28,"50","89.3","27","25","0",23,"0","22",25,"88","273","415",441,"61.9","94.1"
8107,"School for Early Development and",NA,NA,NA,NA,NA,NA,NA,NA,NA,NA,NA,NA,NA,NA,NA,NA,NA,NA
8109,"DLH Academy",NA,NA,NA,NA,NA,NA,NA,NA,NA,NA,NA,NA,NA,"95","150",168,"56.5","89.3"
8110,"21st Century Preparatory School",NA,NA,NA,NA,NA,NA,NA,NA,NA,NA,NA,NA,NA,"94","193",241,"39","80.1"
8113,"Woodlands School",NA,NA,NA,NA,NA,NA,NA,NA,NA,NA,NA,NA,NA,"35","87",208,"16.8","41.8"
8114,"Capitol West Academy",NA,NA,NA,NA,NA,NA,NA,NA,NA,NA,NA,NA,NA,"68","141",163,"41.7","86.5"
8115,"Tenor High School","18","41",51,"35.3","80.4","32","36","3",63,"4.8","63",64,"98.4",NA,NA,NA,NA,NA
8121,"Seeds of Health Elementary Program",NA,NA,NA,NA,NA,NA,NA,NA,NA,NA,NA,NA,NA,"91","194",262,"34.7","74"
8123,"Bruce Guadalupe",NA,NA,NA,NA,NA,NA,NA,NA,NA,NA,NA,NA,NA,"118","405",629,"18.8","64.4"
8124,"Veritas High","12","54",71,"16.9","76.1","36","42","0",52,"0","51",52,"98.1",NA,NA,NA,NA,NA
8125,"Urban Day School",NA,NA,NA,NA,NA,NA,NA,NA,NA,NA,NA,NA,NA,"73","151",179,"40.8","84.4"
8126,"King's Academy",NA,NA,NA,NA,NA,NA,NA,NA,NA,NA,NA,NA,NA,"45","90",113,"39.8","79.6"
8127,"Milwaukee Collegiate Academy","33","42",44,"75","95.5","21","21","0",30,"0","30",31,"96.8",NA,NA,NA,NA,NA
8128,"Milwaukee Math and Science Academy",NA,NA,NA,NA,NA,NA,NA,NA,NA,NA,NA,NA,NA,"97","167",185,"52.4","90.3"
8129,"Milwaukee Scholars Charter School",NA,NA,NA,NA,NA,NA,NA,NA,NA,NA,NA,NA,NA,"204","290",318,"64.2","91.2"
8130,"North Point Lighthouse Charter School",NA,NA,NA,NA,NA,NA,NA,NA,NA,NA,NA,NA,NA,"38","45",62,"61.3","72.6"
8131,"Escuela Verde","Redacted","Redacted",18,"Redacted","Redacted","Redacted","Redacted","Redacted",11,"Redacted","Redacted",14,"Redacted","Redacted","Redacted",9,"Redacted","Redacted"
8132,"Woodlands School East",NA,NA,NA,NA,NA,NA,NA,NA,NA,NA,NA,NA,NA,"29","56",68,"42.6","82.4"
8133,"Rocketship Southside Community Prep",NA,NA,NA,NA,NA,NA,NA,NA,NA,NA,NA,NA,NA,"41","86",120,"34.2","71.7"
8134,"Milwaukee College Preparatory School:",NA,NA,NA,NA,NA,NA,NA,NA,NA,NA,NA,NA,NA,"31","155",255,"12.2","60.8"
8135,"La Casa de Esperanza Charter School",NA,NA,NA,NA,NA,NA,NA,NA,NA,NA,NA,NA,NA,NA,NA,NA,NA,NA
