"school_district_code","school_district","count_act_ela_below_basic","count_act_ela_basic_or_below_basic","count_act_students","percent_act_ela_below_basic","percent_act_ela_basic_or_below_basic","average_act_english_percentile","average_act_reading_percentile","count_12th_grade_ell","count_12th_graders","percent_12th_grade_ell","count_graduates","count_in_grad_cohort","percent_graduates","count_wsas_ela_below_basic_3_8","count_wsas_ela_basic_or_below_basic_3_8","count_wsas_students_3_8","percent_wsas_ela_below_basic_3_8","percent_wsas_ela_basic_or_below_basic_3_8","count_wsas_ela_below_basic_3_5","count_wsas_ela_basic_or_below_basic_3_5","count_wsas_students_3_5","percent_wsas_ela_below_basic_3_5","percent_wsas_ela_basic_or_below_basic_3_5","count_wsas_ela_below_basic_6_8","count_wsas_ela_basic_or_below_basic_6_8","count_wsas_students_6_8","percent_wsas_ela_below_basic_6_8","percent_wsas_ela_basic_or_below_basic_6_8"
7,"Abbotsford","18","30",44,"40.9","68.2","40","36","8",50,"16","48",50,"96","92","218",309,"29.8","70.6","50","133",170,"29.4","78.2","42","85",139,"30.2","61.2"
14,"Adams-Friendship Area","43","89",125,"34.4","71.2","36","36","0",122,"0","107",117,"91.5","239","456",662,"36.1","68.9","115","212",311,"37","68.2","124","244",351,"35.3","69.5"
63,"Albany","9","18",29,"31","62.1","45","42","1",23,"4.3","17",22,"77.3","41","95",147,"27.9","64.6","16","41",70,"22.9","58.6","25","54",77,"32.5","70.1"
70,"Algoma","7","32",66,"10.6","48.5","58","55","0",58,"0","46",54,"85.2","37","147",264,"14","55.7","20","77",134,"14.9","57.5","17","70",130,"13.1","53.8"
84,"Alma","Redacted","Redacted",15,"Redacted","Redacted","Redacted","Redacted","0",26,"0","24",25,"96","14","63",106,"13.2","59.4","6","26",49,"12.2","53.1","8","37",57,"14","64.9"
91,"Alma Center","10","25",42,"23.8","59.5","52","48","3",53,"5.7","50",53,"94.3","74","171",268,"27.6","63.8","44","96",141,"31.2","68.1","30","75",127,"23.6","59.1"
105,"Almond-Bancroft","8","15",22,"36.4","68.2","45","42","3",35,"8.6","33",33,"100","39","112",173,"22.5","64.7","13","44",76,"17.1","57.9","26","68",97,"26.8","70.1"
112,"Altoona","11","50",109,"10.1","45.9","58","61","0",105,"0","94",103,"91.3","106","339",681,"15.6","49.8","76","200",365,"20.8","54.8","30","139",316,"9.5","44"
119,"Amery","18","57",102,"17.6","55.9","45","55","0",131,"0","118",129,"91.5","70","315",690,"10.1","45.7","42","183",351,"12","52.1","28","132",339,"8.3","38.9"
126,"Tomorrow River","21","43",76,"27.6","56.6","52","48","0",73,"0","71",74,"95.9","45","218",488,"9.2","44.7","25","115",263,"9.5","43.7","20","103",225,"8.9","45.8"
140,"Antigo Unified","64","133",191,"33.5","69.6","36","42","0",203,"0","167",184,"90.8","236","626",1020,"23.1","61.4","119","296",493,"24.1","60","117","330",527,"22.2","62.6"
147,"Appleton Area","249","605",1182,"21.1","51.2","45","55","35",1302,"2.7","1078",1212,"88.9","1563","4018",6854,"22.8","58.6","782","1982",3340,"23.4","59.3","781","2036",3514,"22.2","57.9"
154,"Arcadia","26","62",81,"32.1","76.5","36","31","5",89,"5.6","85",88,"96.6","140","334",550,"25.5","60.7","87","206",299,"29.1","68.9","53","128",251,"21.1","51"
161,"Argyle","Redacted","Redacted",18,"Redacted","Redacted","Redacted","Redacted","0",28,"0","27",28,"96.4","31","89",129,"24","69","14","41",56,"25","73.2","17","48",73,"23.3","65.8"
170,"Ashland","30","91",161,"18.6","56.5","40","48","0",178,"0","157",169,"92.9","253","623",966,"26.2","64.5","125","302",486,"25.7","62.1","128","321",480,"26.7","66.9"
182,"Ashwaubenon","41","136",261,"15.7","52.1","52","48","2",275,"0.7","244",257,"94.9","253","739",1385,"18.3","53.4","93","335",688,"13.5","48.7","160","404",697,"23","58"
196,"Athens","16","38",51,"31.4","74.5","36","42","0",50,"0","48",48,"100","39","81",124,"31.5","65.3","15","37",58,"25.9","63.8","24","44",66,"36.4","66.7"
203,"Auburndale","17","29",52,"32.7","55.8","45","42","0",61,"0","60",60,"100","57","217",378,"15.1","57.4","15","90",182,"8.2","49.5","42","127",196,"21.4","64.8"
217,"Augusta","14","26",42,"33.3","61.9","36","48","0",45,"0","41",48,"85.4","66","172",297,"22.2","57.9","40","90",156,"25.6","57.7","26","82",141,"18.4","58.2"
231,"Baldwin-Woodville Area","23","60",114,"20.2","52.6","52","48","1",112,"0.9","105",110,"95.5","98","356",711,"13.8","50.1","43","160",361,"11.9","44.3","55","196",350,"15.7","56"
238,"Unity","23","55",72,"31.9","76.4","36","42","0",65,"0","63",66,"95.5","101","288",442,"22.9","65.2","51","154",231,"22.1","66.7","50","134",211,"23.7","63.5"
245,"Bangor","9","30",39,"23.1","76.9","36","42","0",41,"0","37",38,"97.4","26","108",241,"10.8","44.8","12","44",119,"10.1","37","14","64",122,"11.5","52.5"
280,"Baraboo","46","107",194,"23.7","55.2","45","48","2",272,"0.7","235",259,"90.7","301","781",1270,"23.7","61.5","159","383",623,"25.5","61.5","142","398",647,"21.9","61.5"
287,"Barneveld","3","13",28,"10.7","46.4","52","61","0",28,"0","28",29,"96.6","30","116",199,"15.1","58.3","19","59",103,"18.4","57.3","11","57",96,"11.5","59.4"
308,"Barron Area","40","73",121,"33.1","60.3","36","36","15",116,"12.9","96",104,"92.3","139","343",596,"23.3","57.6","72","164",294,"24.5","55.8","67","179",302,"22.2","59.3"
315,"Bayfield","13","21",28,"46.4","75","32","42","0",33,"0","29",33,"87.9","53","125",164,"32.3","76.2","28","64",81,"34.6","79","25","61",83,"30.1","73.5"
336,"Beaver Dam Unified","58","146",271,"21.4","53.9","45","48","8",286,"2.8","222",263,"84.4","284","821",1506,"18.9","54.5","117","384",768,"15.2","50","167","437",738,"22.6","59.2"
350,"Belleville","3","18",55,"5.5","32.7","64","61","0",77,"0","73",73,"100","74","234",430,"17.2","54.4","42","109",211,"19.9","51.7","32","125",219,"14.6","57.1"
364,"Belmont Community","6","19",26,"23.1","73.1","52","42","0",21,"0","17",21,"81","41","118",176,"23.3","67","22","64",99,"22.2","64.6","19","54",77,"24.7","70.1"
413,"Beloit","207","349",481,"43","72.6","27","31","38",537,"7.1","430",472,"91.1","1224","2292",3029,"40.4","75.7","621","1169",1570,"39.6","74.5","603","1123",1459,"41.3","77"
422,"Beloit Turner","22","66",125,"17.6","52.8","52","48","3",110,"2.7","107",112,"95.5","112","377",681,"16.4","55.4","65","180",329,"19.8","54.7","47","197",352,"13.4","56"
427,"Benton","5","18",31,"16.1","58.1","58","61","Redacted",19,"Redacted","15",20,"75","13","45",92,"14.1","48.9","7","23",49,"14.3","46.9","6","22",43,"14","51.2"
434,"Berlin Area","48","92",149,"32.2","61.7","40","42","2",135,"1.5","125",129,"96.9","127","396",639,"19.9","62","50","165",298,"16.8","55.4","77","231",341,"22.6","67.7"
441,"Birchwood","8","12",24,"33.3","50","36","48","0",22,"0","22",22,"100","31","94",151,"20.5","62.3","15","51",76,"19.7","67.1","16","43",75,"21.3","57.3"
469,"Wisconsin Heights","10","27",57,"17.5","47.4","52","55","1",48,"2.1","45",48,"93.8","36","153",303,"11.9","50.5","20","76",149,"13.4","51","16","77",154,"10.4","50"
476,"Black River Falls","32","81",115,"27.8","70.4","36","42","2",154,"1.3","124",141,"87.9","220","530",758,"29","69.9","116","261",368,"31.5","70.9","104","269",390,"26.7","69"
485,"Blair-Taylor","9","22",41,"22","53.7","45","55","0",51,"0","51",51,"100","72","190",285,"25.3","66.7","38","98",154,"24.7","63.6","34","92",131,"26","70.2"
490,"Pecatonica Area","14","31",44,"31.8","70.5","36","42","0",31,"0","28",29,"96.6","36","112",179,"20.1","62.6","17","65",92,"18.5","70.7","19","47",87,"21.8","54"
497,"Bloomer","24","67",92,"26.1","72.8","40","36","0",103,"0","20",99,"20.2","96","284",504,"19","56.3","54","152",263,"20.5","57.8","42","132",241,"17.4","54.8"
602,"Bonduel","16","47",72,"22.2","65.3","40","42","1",84,"1.2","75",78,"96.2","50","195",338,"14.8","57.7","21","90",158,"13.3","57","29","105",180,"16.1","58.3"
609,"Boscobel Area","28","47",65,"43.1","72.3","36","36","0",58,"0","52",56,"92.9","110","234",333,"33","70.3","55","116",166,"33.1","69.9","55","118",167,"32.9","70.7"
616,"North Lakeland",NA,NA,NA,NA,NA,NA,NA,NA,NA,NA,NA,NA,NA,"8","32",83,"9.6","38.6","3","13",31,"9.7","41.9","5","19",52,"9.6","36.5"
623,"Bowler","Redacted","Redacted",19,"Redacted","Redacted","Redacted","Redacted","0",31,"0","25",30,"83.3","52","125",167,"31.1","74.9","27","70",87,"31","80.5","25","55",80,"31.2","68.8"
637,"Boyceville Community","10","32",55,"18.2","58.2","45","42","0",61,"0","58",61,"95.1","63","184",308,"20.5","59.7","29","88",151,"19.2","58.3","34","96",157,"21.7","61.1"
657,"Brighton #1",NA,NA,NA,NA,NA,NA,NA,NA,NA,NA,NA,NA,NA,"3","28",132,"2.3","21.2","2","16",67,"3","23.9","1","12",65,"1.5","18.5"
658,"Brillion","22","47",71,"31","66.2","40","36","1",80,"1.2","73",80,"91.2","56","182",416,"13.5","43.8","37","98",213,"17.4","46","19","84",203,"9.4","41.4"
665,"Bristol #1",NA,NA,NA,NA,NA,NA,NA,NA,NA,NA,NA,NA,NA,"21","162",459,"4.6","35.3","14","80",234,"6","34.2","7","82",225,"3.1","36.4"
700,"Brodhead","24","64",94,"25.5","68.1","40","42","0",83,"0","79",83,"95.2","91","293",453,"20.1","64.7","44","137",214,"20.6","64","47","156",239,"19.7","65.3"
714,"Elmbrook","47","176",586,"8","30","74","71","1",724,"0.1","663",689,"96.2","299","1135",3054,"9.8","37.2","135","524",1423,"9.5","36.8","164","611",1631,"10.1","37.5"
721,"Brown Deer","41","93",152,"27","61.2","40","36","0",123,"0","117",125,"93.6","151","389",671,"22.5","58","72","168",329,"21.9","51.1","79","221",342,"23.1","64.6"
735,"Bruce","12","25",36,"33.3","69.4","36","42","0",45,"0","42",45,"93.3","44","127",202,"21.8","62.9","27","62",97,"27.8","63.9","17","65",105,"16.2","61.9"
777,"Burlington Area","70","157",314,"22.3","50","45","48","7",296,"2.4","268",281,"95.4","147","529",1245,"11.8","42.5","85","282",597,"14.2","47.2","62","247",648,"9.6","38.1"
840,"Butternut","Redacted","Redacted",19,"Redacted","Redacted","Redacted","Redacted","Redacted",14,"Redacted","Redacted",16,"Redacted","18","45",83,"21.7","54.2","11","21",41,"26.8","51.2","7","24",42,"16.7","57.1"
870,"Cadott Community","14","42",60,"23.3","70","40","48","0",64,"0","62",66,"93.9","68","218",373,"18.2","58.4","44","131",203,"21.7","64.5","24","87",170,"14.1","51.2"
882,"Cambria-Friesland","5","10",23,"21.7","43.5","52","55","3",30,"10","25",29,"86.2","61","129",181,"33.7","71.3","26","55",80,"32.5","68.8","35","74",101,"34.7","73.3"
896,"Cambridge","13","26",63,"20.6","41.3","58","55","0",67,"0","65",66,"98.5","51","166",368,"13.9","45.1","23","67",170,"13.5","39.4","28","99",198,"14.1","50"
903,"Cameron","27","59",77,"35.1","76.6","36","36","1",82,"1.2","45",78,"57.7","68","242",477,"14.3","50.7","43","123",241,"17.8","51","25","119",236,"10.6","50.4"
910,"Campbellsport","19","53",97,"19.6","54.6","52","48","0",107,"0","101",109,"92.7","67","286",575,"11.7","49.7","29","136",286,"10.1","47.6","38","150",289,"13.1","51.9"
980,"Cashton","3","18",42,"7.1","42.9","45","55","0",38,"0","37",37,"100","49","140",281,"17.4","49.8","25","71",132,"18.9","53.8","24","69",149,"16.1","46.3"
994,"Cassville","Redacted","Redacted",12,"Redacted","Redacted","Redacted","Redacted","0",29,"0","28",29,"96.6","27","62",81,"33.3","76.5","10","20",33,"30.3","60.6","17","42",48,"35.4","87.5"
1015,"Cedarburg","16","60",286,"5.6","21","79","75","0",294,"0","280",289,"96.9","73","400",1250,"5.8","32","35","175",581,"6","30.1","38","225",669,"5.7","33.6"
1029,"Cedar Grove-Belgium Area","18","42",94,"19.1","44.7","58","55","2",82,"2.4","77",80,"96.2","35","198",472,"7.4","41.9","11","88",235,"4.7","37.4","24","110",237,"10.1","46.4"
1071,"Chequamegon","11","32",62,"17.7","51.6","52","42","1",67,"1.5","59",65,"90.8","71","194",316,"22.5","61.4","37","88",147,"25.2","59.9","34","106",169,"20.1","62.7"
1080,"Chetek-Weyerhaeuser Area","10","30",59,"16.9","50.8","45","48","0",73,"0","64",70,"91.4","71","218",408,"17.4","53.4","42","123",215,"19.5","57.2","29","95",193,"15","49.2"
1085,"Chilton","11","41",81,"13.6","50.6","58","61","2",95,"2.1","91",99,"91.9","102","319",531,"19.2","60.1","51","149",267,"19.1","55.8","51","170",264,"19.3","64.4"
1092,"Chippewa Falls Area Unified","94","217",365,"25.8","59.5","40","48","3",353,"0.8","290",347,"83.6","362","1188",2142,"16.9","55.5","178","575",1079,"16.5","53.3","184","613",1063,"17.3","57.7"
1120,"Clayton","9","19",27,"33.3","70.4","40","48","0",36,"0","33",34,"97.1","33","97",171,"19.3","56.7","16","42",86,"18.6","48.8","17","55",85,"20","64.7"
1127,"Clear Lake","16","36",43,"37.2","83.7","27","31","0",40,"0","38",39,"97.4","50","163",265,"18.9","61.5","26","75",125,"20.8","60","24","88",140,"17.1","62.9"
1134,"Clinton Community","25","59",98,"25.5","60.2","45","48","4",99,"4","96",98,"98","101","294",515,"19.6","57.1","46","130",243,"18.9","53.5","55","164",272,"20.2","60.3"
1141,"Clintonville","43","77",112,"38.4","68.8","36","36","2",153,"1.3","107",140,"76.4","174","375",543,"32","69.1","78","164",249,"31.3","65.9","96","211",294,"32.7","71.8"
1155,"Cochrane-Fountain City","7","28",52,"13.5","53.8","45","48","0",50,"0","48",49,"98","48","154",297,"16.2","51.9","23","64",129,"17.8","49.6","25","90",168,"14.9","53.6"
1162,"Colby","27","50",77,"35.1","64.9","40","42","2",64,"3.1","62",64,"96.9","93","253",394,"23.6","64.2","44","119",195,"22.6","61","49","134",199,"24.6","67.3"
1169,"Coleman","10","34",55,"18.2","61.8","45","42","0",44,"0","42",44,"95.5","33","125",301,"11","41.5","13","60",147,"8.8","40.8","20","65",154,"13","42.2"
1176,"Colfax","6","24",43,"14","55.8","45","55","0",82,"0","69",79,"87.3","98","259",363,"27","71.3","47","128",179,"26.3","71.5","51","131",184,"27.7","71.2"
1183,"Columbus","13","42",89,"14.6","47.2","52","55","1",111,"0.9","100",105,"95.2","76","266",551,"13.8","48.3","39","130",283,"13.8","45.9","37","136",268,"13.8","50.7"
1204,"Cornell","4","13",25,"16","52","45","48","0",28,"0","28",28,"100","29","76",180,"16.1","42.2","10","25",88,"11.4","28.4","19","51",92,"20.7","55.4"
1218,"Crandon","21","42",50,"42","84","32","36","0",65,"0","50",59,"84.7","90","251",387,"23.3","64.9","40","125",195,"20.5","64.1","50","126",192,"26","65.6"
1232,"Crivitz","21","38",52,"40.4","73.1","40","36","0",59,"0","49",59,"83.1","78","216",346,"22.5","62.4","28","105",181,"15.5","58","50","111",165,"30.3","67.3"
1246,"Cuba City","15","37",60,"25","61.7","40","42","0",62,"0","62",65,"95.4","49","156",260,"18.8","60","25","79",130,"19.2","60.8","24","77",130,"18.5","59.2"
1253,"Cudahy","53","117",173,"30.6","67.6","36","42","11",201,"5.5","190",210,"90.5","292","742",1134,"25.7","65.4","126","362",585,"21.5","61.9","166","380",549,"30.2","69.2"
1260,"Cumberland","21","40",66,"31.8","60.6","40","48","2",66,"3","60",65,"92.3","92","265",409,"22.5","64.8","47","122",188,"25","64.9","45","143",221,"20.4","64.7"
1295,"Darlington Community","8","22",63,"12.7","34.9","58","55","0",48,"0","47",47,"100","59","213",342,"17.3","62.3","27","113",179,"15.1","63.1","32","100",163,"19.6","61.3"
1309,"Deerfield Community","11","30",54,"20.4","55.6","52","55","0",57,"0","52",55,"94.5","42","168",348,"12.1","48.3","19","86",185,"10.3","46.5","23","82",163,"14.1","50.3"
1316,"De Forest Area","36","131",237,"15.2","55.3","52","48","4",279,"1.4","255",265,"96.2","232","741",1536,"15.1","48.2","147","400",806,"18.2","49.6","85","341",730,"11.6","46.7"
1376,"Kettle Moraine","25","136",381,"6.6","35.7","64","61","1",365,"0.3","335",345,"97.1","149","677",1647,"9","41.1","69","290",782,"8.8","37.1","80","387",865,"9.2","44.7"
1380,"Delavan-Darien","65","131",191,"34","68.6","36","36","13",211,"6.2","192",202,"95","365","720",935,"39","77","171","341",456,"37.5","74.8","194","379",479,"40.5","79.1"
1407,"Denmark","32","65",124,"25.8","52.4","45","48","0",113,"0","103",110,"93.6","71","290",653,"10.9","44.4","32","130",321,"10","40.5","39","160",332,"11.7","48.2"
1414,"De Pere","28","140",371,"7.5","37.7","58","61","4",327,"1.2","293",307,"95.4","131","643",1778,"7.4","36.2","54","282",842,"6.4","33.5","77","361",936,"8.2","38.6"
1421,"De Soto Area","6","23",46,"13","50","45","48","0",39,"0","38",39,"97.4","25","100",218,"11.5","45.9","9","45",102,"8.8","44.1","16","55",116,"13.8","47.4"
1428,"Dodgeville","22","46",90,"24.4","51.1","52","61","0",107,"0","105",109,"96.3","101","281",514,"19.6","54.7","54","150",236,"22.9","63.6","47","131",278,"16.9","47.1"
1449,"Dover #1",NA,NA,NA,NA,NA,NA,NA,NA,NA,NA,NA,NA,NA,"4","26",49,"8.2","53.1","2","15",25,"8","60","2","11",24,"8.3","45.8"
1491,"Drummond Area","11","24",36,"30.6","66.7","40","42","0",34,"0","30",35,"85.7","28","87",161,"17.4","54","15","39",79,"19","49.4","13","48",82,"15.9","58.5"
1499,"Durand","7","37",71,"9.9","52.1","64","55","1",93,"1.1","81",88,"92","83","219",383,"21.7","57.2","39","118",212,"18.4","55.7","44","101",171,"25.7","59.1"
1526,"Northland Pines","18","49",97,"18.6","50.5","45","48","0",114,"0","107",108,"99.1","67","297",570,"11.8","52.1","42","165",293,"14.3","56.3","25","132",277,"9","47.7"
1540,"East Troy Community","28","79",146,"19.2","54.1","45","48","0",124,"0","112",118,"94.9","160","439",717,"22.3","61.2","59","186",328,"18","56.7","101","253",389,"26","65"
1554,"Eau Claire Area","111","328",737,"15.1","44.5","52","55","19",900,"2.1","701",814,"86.1","811","2526",4721,"17.2","53.5","377","1217",2400,"15.7","50.7","434","1309",2321,"18.7","56.4"
1561,"Edgar","14","32",56,"25","57.1","40","48","0",53,"0","49",53,"92.5","49","145",255,"19.2","56.9","29","79",137,"21.2","57.7","20","66",118,"16.9","55.9"
1568,"Edgerton","23","66",126,"18.3","52.4","40","48","1",147,"0.7","120",128,"93.8","151","426",780,"19.4","54.6","63","228",404,"15.6","56.4","88","198",376,"23.4","52.7"
1582,"Elcho","11","18",30,"36.7","60","36","42","0",29,"0","27",28,"96.4","39","104",157,"24.8","66.2","26","57",84,"31","67.9","13","47",73,"17.8","64.4"
1600,"Eleva-Strum","16","31",49,"32.7","63.3","45","42","0",47,"0","46",47,"97.9","44","143",265,"16.6","54","16","62",130,"12.3","47.7","28","81",135,"20.7","60"
1631,"Elkhart Lake-Glenbeulah","10","25",46,"21.7","54.3","64","55","0",32,"0","32",34,"94.1","19","74",185,"10.3","40","5","29",81,"6.2","35.8","14","45",104,"13.5","43.3"
1638,"Elkhorn Area","57","118",220,"25.9","53.6","45","42","3",243,"1.2","216",227,"95.2","258","811",1557,"16.6","52.1","117","401",785,"14.9","51.1","141","410",772,"18.3","53.1"
1645,"Elk Mound Area","11","28",70,"15.7","40","58","61","2",85,"2.4","80",84,"95.2","77","278",551,"14","50.5","42","147",282,"14.9","52.1","35","131",269,"13","48.7"
1659,"Ellsworth Community","19","77",130,"14.6","59.2","40","55","0",117,"0","105",115,"91.3","67","332",726,"9.2","45.7","26","154",354,"7.3","43.5","41","178",372,"11","47.8"
1666,"Elmwood","7","26",42,"16.7","61.9","45","48","0",29,"0","28",29,"96.6","32","92",152,"21.1","60.5","14","48",79,"17.7","60.8","18","44",73,"24.7","60.3"
1673,"Royall","11","25",35,"31.4","71.4","40","42","0",37,"0","32",37,"86.5","47","161",258,"18.2","62.4","29","86",138,"21","62.3","18","75",120,"15","62.5"
1687,"Erin",NA,NA,NA,NA,NA,NA,NA,NA,NA,NA,NA,NA,NA,"5","76",218,"2.3","34.9","1","33",99,"1","33.3","4","43",119,"3.4","36.1"
1694,"Evansville Community","25","80",139,"18","57.6","45","48","4",135,"3","123",128,"96.1","105","391",831,"12.6","47.1","45","171",402,"11.2","42.5","60","220",429,"14","51.3"
1729,"Fall Creek","11","29",57,"19.3","50.9","40","42","0",63,"0","58",65,"89.2","66","188",364,"18.1","51.6","26","85",177,"14.7","48","40","103",187,"21.4","55.1"
1736,"Fall River","11","17",29,"37.9","58.6","40","42","1",43,"2.3","40",41,"97.6","48","138",225,"21.3","61.3","22","73",131,"16.8","55.7","26","65",94,"27.7","69.1"
1813,"Fennimore Community","12","30",50,"24","60","52","42","0",50,"0","46",48,"95.8","48","195",353,"13.6","55.2","15","90",179,"8.4","50.3","33","105",174,"19","60.3"
1848,"Lac du Flambeau #1",NA,NA,NA,NA,NA,NA,NA,NA,NA,NA,NA,NA,NA,"99","222",272,"36.4","81.6","58","128",150,"38.7","85.3","41","94",122,"33.6","77"
1855,"Florence County","7","25",30,"23.3","83.3","36","42","0",32,"0","25",30,"83.3","26","85",158,"16.5","53.8","13","40",74,"17.6","54.1","13","45",84,"15.5","53.6"
1862,"Fond du Lac","135","325",515,"26.2","63.1","40","42","6",544,"1.1","434",500,"86.8","587","1714",3127,"18.8","54.8","342","894",1609,"21.3","55.6","245","820",1518,"16.1","54"
1870,"Fontana J8",NA,NA,NA,NA,NA,NA,NA,NA,NA,NA,NA,NA,NA,"24","83",176,"13.6","47.2","10","39",88,"11.4","44.3","14","44",88,"15.9","50"
1883,"Fort Atkinson","47","123",220,"21.4","55.9","40","48","2",250,"0.8","224",239,"93.7","134","528",1251,"10.7","42.2","93","291",630,"14.8","46.2","41","237",621,"6.6","38.2"
1890,"Fox Point J2",NA,NA,NA,NA,NA,NA,NA,NA,NA,NA,NA,NA,NA,"34","159",563,"6","28.2","18","70",278,"6.5","25.2","16","89",285,"5.6","31.2"
1897,"Maple Dale-Indian Hill",NA,NA,NA,NA,NA,NA,NA,NA,NA,NA,NA,NA,NA,"42","137",323,"13","42.4","21","72",162,"13","44.4","21","65",161,"13","40.4"
1900,"Franklin Public","44","150",395,"11.1","38","58","61","3",450,"0.7","345",410,"84.1","150","714",1998,"7.5","35.7","68","327",961,"7.1","34","82","387",1037,"7.9","37.3"
1939,"Frederic","14","24",36,"38.9","66.7","40","42","0",40,"0","33",39,"84.6","34","113",189,"18","59.8","20","62",102,"19.6","60.8","14","51",87,"16.1","58.6"
1945,"Northern Ozaukee","21","52",100,"21","52","52","48","0",117,"0","83",104,"79.8","51","195",448,"11.4","43.5","27","88",196,"13.8","44.9","24","107",252,"9.5","42.5"
1953,"Freedom Area","19","60",121,"15.7","49.6","52","55","1",149,"0.7","147",147,"100","71","339",691,"10.3","49.1","39","168",331,"11.8","50.8","32","171",360,"8.9","47.5"
2009,"Galesville-Ettrick-Trempealeau","32","71",101,"31.7","70.3","36","42","0",116,"0","105",110,"95.5","87","314",604,"14.4","52","39","137",289,"13.5","47.4","48","177",315,"15.2","56.2"
2016,"North Crawford","11","23",42,"26.2","54.8","45","48","0",33,"0","31",32,"96.9","49","138",197,"24.9","70.1","24","69",98,"24.5","70.4","25","69",99,"25.3","69.7"
2044,"Geneva J4",NA,NA,NA,NA,NA,NA,NA,NA,NA,NA,NA,NA,NA,"12","40",129,"9.3","31","8","20",64,"12.5","31.2","4","20",65,"6.2","30.8"
2051,"Genoa City J2",NA,NA,NA,NA,NA,NA,NA,NA,NA,NA,NA,NA,NA,"37","171",339,"10.9","50.4","20","92",177,"11.3","52","17","79",162,"10.5","48.8"
2058,"Germantown","44","126",356,"12.4","35.4","64","61","1",370,"0.3","345",363,"95","144","731",1726,"8.3","42.4","58","343",859,"6.8","39.9","86","388",867,"9.9","44.8"
2114,"Gibraltar Area","6","23",51,"11.8","45.1","58","55","3",57,"5.3","46",55,"83.6","18","90",254,"7.1","35.4","7","42",125,"5.6","33.6","11","48",129,"8.5","37.2"
2128,"Gillett","12","26",35,"34.3","74.3","32","36","1",45,"2.2","37",42,"88.1","41","113",251,"16.3","45","26","65",129,"20.2","50.4","15","48",122,"12.3","39.3"
2135,"Gilman","8","19",31,"25.8","61.3","45","42","0",33,"0","30",32,"93.8","34","103",163,"20.9","63.2","21","50",73,"28.8","68.5","13","53",90,"14.4","58.9"
2142,"Gilmanton","Redacted","Redacted",15,"Redacted","Redacted","Redacted","Redacted","Redacted",15,"Redacted","Redacted",15,"Redacted","6","33",68,"8.8","48.5","3","15",30,"10","50","3","18",38,"7.9","47.4"
2177,"Nicolet UHS","38","91",250,"15.2","36.4","64","61","1",287,"0.3","270",290,"93.1",NA,NA,NA,NA,NA,NA,NA,NA,NA,NA,NA,NA,NA,NA,NA
2184,"Glendale-River Hills",NA,NA,NA,NA,NA,NA,NA,NA,NA,NA,NA,NA,NA,"75","311",660,"11.4","47.1","40","139",316,"12.7","44","35","172",344,"10.2","50"
2198,"Glenwood City","9","29",53,"17","54.7","52","55","0",57,"0","54",56,"96.4","40","146",318,"12.6","45.9","14","65",164,"8.5","39.6","26","81",154,"16.9","52.6"
2212,"Goodman-Armstrong Creek","Redacted","Redacted",8,"Redacted","Redacted","Redacted","Redacted","Redacted",6,"Redacted","Redacted",6,"Redacted","10","36",56,"17.9","64.3","5","19",26,"19.2","73.1","5","17",30,"16.7","56.7"
2217,"Grafton","25","75",198,"12.6","37.9","58","61","1",201,"0.5","188",191,"98.4","95","360",914,"10.4","39.4","29","145",430,"6.7","33.7","66","215",484,"13.6","44.4"
2226,"Granton Area","12","19",23,"52.2","82.6","32","31","Redacted",17,"Redacted","Redacted",17,"Redacted","20","63",96,"20.8","65.6","10","31",47,"21.3","66","10","32",49,"20.4","65.3"
2233,"Grantsburg","59","127",198,"29.8","64.1","36","42","2",242,"0.8","145",197,"73.6","92","252",462,"19.9","54.5","28","98",173,"16.2","56.6","64","154",289,"22.1","53.3"
2240,"Black Hawk","12","22",26,"46.2","84.6","32","31","0",30,"0","27",29,"93.1","19","78",145,"13.1","53.8","6","42",80,"7.5","52.5","13","36",65,"20","55.4"
2289,"Green Bay Area Public","484","875",1333,"36.3","65.6","32","36","105",1514,"6.9","1186",1416,"83.8","2950","6064",9002,"32.8","67.4","1500","3090",4615,"32.5","67","1450","2974",4387,"33.1","67.8"
2296,"Greendale","35","112",232,"15.1","48.3","58","61","2",223,"0.9","219",222,"98.6","90","405",1155,"7.8","35.1","52","198",536,"9.7","36.9","38","207",619,"6.1","33.4"
2303,"Greenfield","64","172",301,"21.3","57.1","45","48","8",331,"2.4","264",321,"82.2","271","836",1502,"18","55.7","124","383",749,"16.6","51.1","147","453",753,"19.5","60.2"
2310,"Green Lake","4","12",20,"20","60","40","42","0",36,"0","36",37,"97.3","15","54",116,"12.9","46.6","8","24",58,"13.8","41.4","7","30",58,"12.1","51.7"
2394,"Greenwood","8","14",29,"27.6","48.3","45","48","0",33,"0","33",33,"100","17","86",150,"11.3","57.3","11","42",63,"17.5","66.7","6","44",87,"6.9","50.6"
2415,"Gresham","7","16",25,"28","64","40","42","0",23,"0","19",20,"95","49","111",139,"35.3","79.9","31","59",73,"42.5","80.8","18","52",66,"27.3","78.8"
2420,"Hamilton","33","123",350,"9.4","35.1","58","61","5",367,"1.4","354",363,"97.5","119","606",2022,"5.9","30","57","309",1020,"5.6","30.3","62","297",1002,"6.2","29.6"
2422,"Saint Croix Central","17","43",100,"17","43","58","55","0",94,"0","83",90,"92.2","90","304",692,"13","43.9","54","159",363,"14.9","43.8","36","145",329,"10.9","44.1"
2436,"Hartford UHS","57","142",339,"16.8","41.9","52","55","3",372,"0.8","314",352,"89.2",NA,NA,NA,NA,NA,NA,NA,NA,NA,NA,NA,NA,NA,NA,NA
2443,"Hartford J1",NA,NA,NA,NA,NA,NA,NA,NA,NA,NA,NA,NA,NA,"122","473",1084,"11.3","43.6","61","254",564,"10.8","45","61","219",520,"11.7","42.1"
2450,"Arrowhead UHS","38","160",533,"7.1","30","69","66","0",600,"0","568",574,"99",NA,NA,NA,NA,NA,NA,NA,NA,NA,NA,NA,NA,NA,NA,NA
2460,"Hartland-Lakeside J3",NA,NA,NA,NA,NA,NA,NA,NA,NA,NA,NA,NA,NA,"42","269",722,"5.8","37.3","24","130",354,"6.8","36.7","18","139",368,"4.9","37.8"
2478,"Hayward Community","44","84",132,"33.3","63.6","40","48","1",161,"0.6","120",155,"77.4","146","493",931,"15.7","53","78","241",473,"16.5","51","68","252",458,"14.8","55"
2485,"Southwestern Wisconsin","8","21",36,"22.2","58.3","45","48","0",46,"0","43",46,"93.5","35","146",223,"15.7","65.5","21","73",106,"19.8","68.9","14","73",117,"12","62.4"
2523,"Herman #22",NA,NA,NA,NA,NA,NA,NA,NA,NA,NA,NA,NA,NA,"4","19",45,"8.9","42.2","2","6",23,"8.7","26.1","2","13",22,"9.1","59.1"
2527,"Highland","1","14",25,"4","56","45","55","Redacted",16,"Redacted","Redacted",14,"Redacted","30","88",148,"20.3","59.5","17","46",71,"23.9","64.8","13","42",77,"16.9","54.5"
2534,"Hilbert","4","14",24,"16.7","58.3","52","55","0",39,"0","39",39,"100","22","75",184,"12","40.8","14","38",86,"16.3","44.2","8","37",98,"8.2","37.8"
2541,"Hillsboro","6","18",30,"20","60","45","48","0",40,"0","39",40,"97.5","39","119",226,"17.3","52.7","25","65",114,"21.9","57","14","54",112,"12.5","48.2"
2562,"Holmen","49","135",260,"18.8","51.9","52","48","7",328,"2.1","295",313,"94.2","201","753",1698,"11.8","44.3","86","346",871,"9.9","39.7","115","407",827,"13.9","49.2"
2576,"Horicon","12","37",58,"20.7","63.8","36","42","0",66,"0","54",58,"93.1","66","183",322,"20.5","56.8","30","80",152,"19.7","52.6","36","103",170,"21.2","60.6"
2583,"Hortonville Area","40","122",264,"15.2","46.2","52","55","1",283,"0.4","271",275,"98.5","192","759",1589,"12.1","47.8","95","367",775,"12.3","47.4","97","392",814,"11.9","48.2"
2604,"Howard-Suamico","62","217",467,"13.3","46.5","52","55","6",458,"1.3","419",442,"94.8","425","1302",2641,"16.1","49.3","192","610",1292,"14.9","47.2","233","692",1349,"17.3","51.3"
2605,"Howards Grove","9","22",66,"13.6","33.3","58","55","0",69,"0","67",68,"98.5","30","138",362,"8.3","38.1","15","70",162,"9.3","43.2","15","68",200,"7.5","34"
2611,"Hudson","41","180",454,"9","39.6","58","66","3",438,"0.7","428",446,"96","269","1170",2583,"10.4","45.3","149","580",1300,"11.5","44.6","120","590",1283,"9.4","46"
2618,"Hurley","14","30",42,"33.3","71.4","40","42","0",59,"0","57",59,"96.6","31","121",263,"11.8","46","15","59",136,"11","43.4","16","62",127,"12.6","48.8"
2625,"Hustisford","7","18",24,"29.2","75","40","36","1",29,"3.4","29",29,"100","39","119",194,"20.1","61.3","22","68",96,"22.9","70.8","17","51",98,"17.3","52"
2632,"Independence","12","30",38,"31.6","78.9","40","42","3",34,"8.8","33",34,"97.1","37","92",137,"27","67.2","22","46",76,"28.9","60.5","15","46",61,"24.6","75.4"
2639,"Iola-Scandinavia","18","41",63,"28.6","65.1","45","42","0",55,"0","54",57,"94.7","50","162",302,"16.6","53.6","34","90",147,"23.1","61.2","16","72",155,"10.3","46.5"
2646,"Iowa-Grant","7","21",50,"14","42","52","55","0",60,"0","53",56,"94.6","71","197",311,"22.8","63.3","45","114",175,"25.7","65.1","26","83",136,"19.1","61"
2660,"Ithaca","15","28",35,"42.9","80","36","36","0",34,"0","34",34,"100","49","143",192,"25.5","74.5","25","74",101,"24.8","73.3","24","69",91,"26.4","75.8"
2695,"Janesville","216","493",815,"26.5","60.5","40","42","16",858,"1.9","696",793,"87.8","807","2328",4264,"18.9","54.6","340","1118",2169,"15.7","51.5","467","1210",2095,"22.3","57.8"
2702,"Jefferson","39","94",152,"25.7","61.8","45","48","10",178,"5.6","165",172,"95.9","185","468",787,"23.5","59.5","84","217",384,"21.9","56.5","101","251",403,"25.1","62.3"
2730,"Johnson Creek","14","31",43,"32.6","72.1","40","42","1",42,"2.4","41",42,"97.6","62","186",303,"20.5","61.4","28","84",143,"19.6","58.7","34","102",160,"21.2","63.7"
2737,"Juda","6","11",22,"27.3","50","52","42","0",20,"0","18",21,"85.7","31","89",144,"21.5","61.8","14","36",70,"20","51.4","17","53",74,"23","71.6"
2744,"Dodgeland","14","31",68,"20.6","45.6","52","48","0",56,"0","53",57,"93","70","215",328,"21.3","65.5","34","93",163,"20.9","57.1","36","122",165,"21.8","73.9"
2758,"Kaukauna Area","49","131",276,"17.8","47.5","52","48","2",289,"0.7","265",280,"94.6","276","898",1708,"16.2","52.6","166","487",909,"18.3","53.6","110","411",799,"13.8","51.4"
2793,"Kenosha","573","1116",1731,"33.1","64.5","36","36","87",1978,"4.4","1516",1740,"87.1","2184","5365",9164,"23.8","58.5","967","2572",4567,"21.2","56.3","1217","2793",4597,"26.5","60.8"
2800,"Kewaskum","30","81",150,"20","54","40","42","0",161,"0","138",154,"89.6","95","344",776,"12.2","44.3","36","143",364,"9.9","39.3","59","201",412,"14.3","48.8"
2814,"Kewaunee","27","48",79,"34.2","60.8","40","48","0",82,"0","73",77,"94.8","70","260",424,"16.5","61.3","27","104",187,"14.4","55.6","43","156",237,"18.1","65.8"
2828,"Kiel Area","28","59",107,"26.2","55.1","52","48","1",127,"0.8","117",118,"99.2","76","280",544,"14","51.5","32","114",257,"12.5","44.4","44","166",287,"15.3","57.8"
2835,"Kimberly Area","40","151",349,"11.5","43.3","52","55","0",358,"0","342",347,"98.6","253","944",2271,"11.1","41.6","116","453",1129,"10.3","40.1","137","491",1142,"12","43"
2842,"Kohler","4","9",60,"6.7","15","79","71","0",42,"0","41",42,"97.6","18","118",358,"5","33","11","50",171,"6.4","29.2","7","68",187,"3.7","36.4"
2849,"La Crosse","120","265",488,"24.6","54.3","45","48","11",502,"2.2","435",478,"91","645","1705",2839,"22.7","60.1","288","799",1471,"19.6","54.3","357","906",1368,"26.1","66.2"
2856,"Ladysmith","15","43",74,"20.3","58.1","45","42","0",70,"0","58",65,"89.2","51","171",331,"15.4","51.7","18","73",149,"12.1","49","33","98",182,"18.1","53.8"
2863,"La Farge","Redacted","Redacted",15,"Redacted","Redacted","Redacted","Redacted","Redacted",19,"Redacted","Redacted",19,"Redacted","24","75",112,"21.4","67","12","38",55,"21.8","69.1","12","37",57,"21.1","64.9"
2884,"Lake Geneva-Genoa City UHS","80","182",350,"22.9","52","45","48","8",372,"2.2","290",310,"93.5",NA,NA,NA,NA,NA,NA,NA,NA,NA,NA,NA,NA,NA,NA,NA
2885,"Lake Geneva J1",NA,NA,NA,NA,NA,NA,NA,NA,NA,NA,NA,NA,NA,"225","722",1310,"17.2","55.1","110","333",621,"17.7","53.6","115","389",689,"16.7","56.5"
2891,"Lake Holcombe","Redacted","Redacted",19,"Redacted","Redacted","Redacted","Redacted","0",30,"0","29",30,"96.7","24","89",137,"17.5","65","19","54",74,"25.7","73","5","35",63,"7.9","55.6"
2898,"Lake Mills Area","11","39",95,"11.6","41.1","58","61","1",106,"0.9","104",104,"100","162","399",699,"23.2","57.1","86","215",357,"24.1","60.2","76","184",342,"22.2","53.8"
2912,"Lancaster Community","10","43",73,"13.7","58.9","52","48","0",85,"0","82",83,"98.8","52","212",395,"13.2","53.7","25","103",203,"12.3","50.7","27","109",192,"14.1","56.8"
2940,"Laona","Redacted","Redacted",17,"Redacted","Redacted","Redacted","Redacted","Redacted",16,"Redacted","Redacted",16,"Redacted","13","41",90,"14.4","45.6","7","26",52,"13.5","50","6","15",38,"15.8","39.5"
2961,"Lena","8","19",22,"36.4","86.4","36","42","0",24,"0","22",24,"91.7","18","93",188,"9.6","49.5","5","48",101,"5","47.5","13","45",87,"14.9","51.7"
3087,"Linn J4",NA,NA,NA,NA,NA,NA,NA,NA,NA,NA,NA,NA,NA,"9","30",63,"14.3","47.6","3","19",37,"8.1","51.4","6","11",26,"23.1","42.3"
3094,"Linn J6",NA,NA,NA,NA,NA,NA,NA,NA,NA,NA,NA,NA,NA,"2","22",75,"2.7","29.3","1","10",39,"2.6","25.6","1","12",36,"2.8","33.3"
3122,"Richmond",NA,NA,NA,NA,NA,NA,NA,NA,NA,NA,NA,NA,NA,"19","116",319,"6","36.4","7","50",141,"5","35.5","12","66",178,"6.7","37.1"
3129,"Little Chute Area","26","53",118,"22","44.9","52","55","0",127,"0","101",117,"86.3","110","349",642,"17.1","54.4","46","147",319,"14.4","46.1","64","202",323,"19.8","62.5"
3150,"Lodi","8","45",101,"7.9","44.6","52","55","1",147,"0.7","132",139,"95","92","348",646,"14.2","53.9","49","171",310,"15.8","55.2","43","177",336,"12.8","52.7"
3171,"Lomira","16","64",104,"15.4","61.5","52","48","1",82,"1.2","76",79,"96.2","46","229",466,"9.9","49.1","20","109",220,"9.1","49.5","26","120",246,"10.6","48.8"
3206,"Loyal","9","17",33,"27.3","51.5","45","48","0",55,"0","51",51,"100","45","139",217,"20.7","64.1","25","71",105,"23.8","67.6","20","68",112,"17.9","60.7"
3213,"Luck","4","21",31,"12.9","67.7","45","55","0",35,"0","34",35,"97.1","58","136",215,"27","63.3","29","74",113,"25.7","65.5","29","62",102,"28.4","60.8"
3220,"Luxemburg-Casco","32","88",170,"18.8","51.8","52","48","2",157,"1.3","142",153,"92.8","78","345",805,"9.7","42.9","22","128",359,"6.1","35.7","56","217",446,"12.6","48.7"
3269,"Madison Metropolitan","392","798",1720,"22.8","46.4","52","55","210",2244,"9.4","1436",1828,"78.6","3518","6805",11259,"31.2","60.4","1810","3561",5923,"30.6","60.1","1708","3244",5336,"32","60.8"
3276,"Manawa","17","41",53,"32.1","77.4","36","36","0",54,"0","47",54,"87","40","156",292,"13.7","53.4","21","73",136,"15.4","53.7","19","83",156,"12.2","53.2"
3290,"Manitowoc","94","220",377,"24.9","58.4","40","48","16",485,"3.3","359",426,"84.3","376","1202",2137,"17.6","56.2","175","587",1060,"16.5","55.4","201","615",1077,"18.7","57.1"
3297,"Maple","20","56",115,"17.4","48.7","52","55","0",109,"0","98",103,"95.1","106","315",582,"18.2","54.1","67","164",281,"23.8","58.4","39","151",301,"13","50.2"
3304,"Marathon City","5","20",42,"11.9","47.6","52","48","1",63,"1.6","62",64,"96.9","58","136",269,"21.6","50.6","37","70",135,"27.4","51.9","21","66",134,"15.7","49.3"
3311,"Marinette","55","108",158,"34.8","68.4","36","36","1",157,"0.6","130",143,"90.9","214","604",900,"23.8","67.1","112","314",465,"24.1","67.5","102","290",435,"23.4","66.7"
3318,"Marion","19","30",37,"51.4","81.1","32","31","0",41,"0","32",36,"88.9","46","118",190,"24.2","62.1","24","59",100,"24","59","22","59",90,"24.4","65.6"
3325,"Markesan","11","28",59,"18.6","47.5","45","48","0",66,"0","62",66,"93.9","61","183",354,"17.2","51.7","32","96",169,"18.9","56.8","29","87",185,"15.7","47"
3332,"Marshall","23","55",77,"29.9","71.4","36","42","6",91,"6.6","85",87,"97.7","100","308",470,"21.3","65.5","42","145",228,"18.4","63.6","58","163",242,"24","67.4"
3339,"Marshfield Unified","41","137",297,"13.8","46.1","58","61","2",330,"0.6","285",312,"91.3","196","721",1729,"11.3","41.7","78","339",867,"9","39.1","118","382",862,"13.7","44.3"
3360,"Mauston","37","84",123,"30.1","68.3","36","36","0",132,"0","107",124,"86.3","173","435",610,"28.4","71.3","94","219",295,"31.9","74.2","79","216",315,"25.1","68.6"
3367,"Mayville","14","56",96,"14.6","58.3","45","48","2",94,"2.1","89",91,"97.8","78","262",497,"15.7","52.7","42","116",241,"17.4","48.1","36","146",256,"14.1","57"
3381,"McFarland","119","239",445,"26.7","53.7","45","55","2",535,"0.4","352",454,"77.5","312","872",1776,"17.6","49.1","141","373",799,"17.6","46.7","171","499",977,"17.5","51.1"
3409,"Medford Area Public","50","108",165,"30.3","65.5","40","48","1",178,"0.6","132",154,"85.7","151","558",1078,"14","51.8","90","308",558,"16.1","55.2","61","250",520,"11.7","48.1"
3427,"Mellen","Redacted","Redacted",15,"Redacted","Redacted","Redacted","Redacted","0",42,"0","17",25,"68","32","90",119,"26.9","75.6","20","49",64,"31.2","76.6","12","41",55,"21.8","74.5"
3428,"Melrose-Mindoro","15","43",59,"25.4","72.9","36","42","0",49,"0","47",48,"97.9","48","169",346,"13.9","48.8","28","85",178,"15.7","47.8","20","84",168,"11.9","50"
3430,"Menasha Joint","74","159",217,"34.1","73.3","36","36","7",267,"2.6","235",260,"90.4","347","940",1477,"23.5","63.6","185","486",775,"23.9","62.7","162","454",702,"23.1","64.7"
3434,"Menominee Indian","36","49",67,"53.7","73.1","16","21","0",74,"0","63",74,"85.1","220","313",338,"65.1","92.6","117","176",191,"61.3","92.1","103","137",147,"70.1","93.2"
3437,"Menomonee Falls","26","123",327,"8","37.6","64","61","0",338,"0","322",334,"96.4","221","768",1701,"13","45.1","91","356",837,"10.9","42.5","130","412",864,"15","47.7"
3444,"Menomonie Area","56","123",216,"25.9","56.9","45","48","7",281,"2.5","233",255,"91.4","340","853",1391,"24.4","61.3","172","424",705,"24.4","60.1","168","429",686,"24.5","62.5"
3479,"Mequon-Thiensville","22","81",327,"6.7","24.8","74","71","3",338,"0.9","324",330,"98.2","124","487",1659,"7.5","29.4","49","217",794,"6.2","27.3","75","270",865,"8.7","31.2"
3484,"Mercer","Redacted","Redacted",9,"Redacted","Redacted","Redacted","Redacted","Redacted",7,"Redacted","Redacted",7,"Redacted","3","17",72,"4.2","23.6","0","1",32,"0","3.1","3","16",40,"7.5","40"
3500,"Merrill Area","65","153",239,"27.2","64","40","42","3",290,"1","239",263,"90.9","344","809",1400,"24.6","57.8","181","390",678,"26.7","57.5","163","419",722,"22.6","58"
3510,"Swallow",NA,NA,NA,NA,NA,NA,NA,NA,NA,NA,NA,NA,NA,"14","105",408,"3.4","25.7","7","53",183,"3.8","29","7","52",225,"3.1","23.1"
3514,"North Lake",NA,NA,NA,NA,NA,NA,NA,NA,NA,NA,NA,NA,NA,"16","68",250,"6.4","27.2","5","26",115,"4.3","22.6","11","42",135,"8.1","31.1"
3528,"Merton Community",NA,NA,NA,NA,NA,NA,NA,NA,NA,NA,NA,NA,NA,"62","258",629,"9.9","41","21","89",293,"7.2","30.4","41","169",336,"12.2","50.3"
3542,"Stone Bank",NA,NA,NA,NA,NA,NA,NA,NA,NA,NA,NA,NA,NA,"12","62",229,"5.2","27.1","8","41",108,"7.4","38","4","21",121,"3.3","17.4"
3549,"Middleton-Cross Plains Area","62","157",534,"11.6","29.4","69","71","9",557,"1.6","441",498,"88.6","328","1203",3105,"10.6","38.7","184","630",1571,"11.7","40.1","144","573",1534,"9.4","37.4"
3612,"Milton","59","142",251,"23.5","56.6","45","48","3",247,"1.2","231",239,"96.7","216","784",1536,"14.1","51","93","338",729,"12.8","46.4","123","446",807,"15.2","55.3"
3619,"Milwaukee","1684","2821",4280,"39.3","65.9","27","31","249",4410,"5.6","3148",5213,"60.4","14844","24821",31523,"47.1","78.7","8277","13386",16618,"49.8","80.6","6567","11435",14905,"44.1","76.7"
3633,"Mineral Point Unified","13","30",55,"23.6","54.5","45","55","0",53,"0","51",51,"100","38","133",307,"12.4","43.3","25","76",156,"16","48.7","13","57",151,"8.6","37.7"
3640,"Minocqua J1",NA,NA,NA,NA,NA,NA,NA,NA,NA,NA,NA,NA,NA,"47","141",357,"13.2","39.5","33","84",183,"18","45.9","14","57",174,"8","32.8"
3647,"Lakeland UHS","33","86",171,"19.3","50.3","52","42","0",182,"0","173",181,"95.6",NA,NA,NA,NA,NA,NA,NA,NA,NA,NA,NA,NA,NA,NA,NA
3654,"Northwood","Redacted","Redacted",18,"Redacted","Redacted","Redacted","Redacted","0",29,"0","27",29,"93.1","42","97",148,"28.4","65.5","28","47",64,"43.8","73.4","14","50",84,"16.7","59.5"
3661,"Mishicot","16","39",62,"25.8","62.9","40","42","0",70,"0","68",70,"97.1","30","157",355,"8.5","44.2","20","86",184,"10.9","46.7","10","71",171,"5.8","41.5"
3668,"Mondovi","14","31",55,"25.5","56.4","45","48","0",66,"0","60",63,"95.2","63","198",418,"15.1","47.4","37","97",208,"17.8","46.6","26","101",210,"12.4","48.1"
3675,"Monona Grove","36","93",247,"14.6","37.7","64","61","2",238,"0.8","219",223,"98.2","196","605",1400,"14","43.2","75","265",658,"11.4","40.3","121","340",742,"16.3","45.8"
3682,"Monroe","32","95",166,"19.3","57.2","52","48","1",180,"0.6","168",175,"96","204","597",1077,"18.9","55.4","103","299",505,"20.4","59.2","101","298",572,"17.7","52.1"
3689,"Montello","23","45",54,"42.6","83.3","32","36","0",66,"0","59",64,"92.2","94","207",308,"30.5","67.2","44","102",148,"29.7","68.9","50","105",160,"31.2","65.6"
3696,"Monticello","4","12",22,"18.2","54.5","45","42","0",22,"0","22",22,"100","23","90",158,"14.6","57","9","44",81,"11.1","54.3","14","46",77,"18.2","59.7"
3787,"Mosinee","49","101",165,"29.7","61.2","40","42","0",206,"0","192",203,"94.6","139","470",911,"15.3","51.6","78","239",427,"18.3","56","61","231",484,"12.6","47.7"
3794,"Mount Horeb Area","22","58",159,"13.8","36.5","64","61","2",181,"1.1","4",173,"2.3","136","507",1129,"12","44.9","64","244",553,"11.6","44.1","72","263",576,"12.5","45.7"
3822,"Mukwonago","45","161",386,"11.7","41.7","52","55","1",392,"0.3","375",384,"97.7","179","877",2178,"8.2","40.3","104","424",1057,"9.8","40.1","75","453",1121,"6.7","40.4"
3850,"Riverdale","15","31",48,"31.2","64.6","40","42","0",38,"0","36",38,"94.7","52","157",284,"18.3","55.3","30","79",156,"19.2","50.6","22","78",128,"17.2","60.9"
3857,"Muskego-Norway","43","163",414,"10.4","39.4","58","61","0",435,"0","402",418,"96.2","188","884",2120,"8.9","41.7","80","410",997,"8","41.1","108","474",1123,"9.6","42.2"
3862,"Lake Country",NA,NA,NA,NA,NA,NA,NA,NA,NA,NA,NA,NA,NA,"16","107",359,"4.5","29.8","8","52",155,"5.2","33.5","8","55",204,"3.9","27"
3871,"Necedah Area","17","33",50,"34","66","36","42","0",59,"0","53",56,"94.6","64","165",302,"21.2","54.6","21","60",138,"15.2","43.5","43","105",164,"26.2","64"
3892,"Neenah Joint","83","213",458,"18.1","46.5","52","55","7",486,"1.4","384",453,"84.8","366","1271",2821,"13","45.1","166","569",1371,"12.1","41.5","200","702",1450,"13.8","48.4"
3899,"Neillsville","17","43",72,"23.6","59.7","40","42","0",83,"0","72",79,"91.1","100","270",408,"24.5","66.2","51","142",209,"24.4","67.9","49","128",199,"24.6","64.3"
3906,"Nekoosa","35","70",103,"34","68","40","42","0",108,"0","90",97,"92.8","126","328",503,"25","65.2","55","150",243,"22.6","61.7","71","178",260,"27.3","68.5"
3913,"Neosho J3",NA,NA,NA,NA,NA,NA,NA,NA,NA,NA,NA,NA,NA,"23","70",127,"18.1","55.1","13","30",58,"22.4","51.7","10","40",69,"14.5","58"
3920,"New Auburn","6","12",20,"30","60","45","55","0",26,"0","24",27,"88.9","32","93",133,"24.1","69.9","5","38",63,"7.9","60.3","27","55",70,"38.6","78.6"
3925,"New Berlin","36","141",397,"9.1","35.5","69","66","0",406,"0","395",404,"97.8","212","799",2007,"10.6","39.8","76","329",932,"8.2","35.3","136","470",1075,"12.7","43.7"
3934,"New Glarus","11","34",68,"16.2","50","52","55","1",71,"1.4","69",71,"97.2","69","222",452,"15.3","49.1","37","107",229,"16.2","46.7","32","115",223,"14.3","51.6"
3941,"New Holstein","21","50",86,"24.4","58.1","52","42","0",92,"0","87",90,"96.7","78","247",440,"17.7","56.1","42","116",207,"20.3","56","36","131",233,"15.5","56.2"
3948,"New Lisbon","22","36",45,"48.9","80","32","36","0",48,"0","41",49,"83.7","73","187",274,"26.6","68.2","41","103",149,"27.5","69.1","32","84",125,"25.6","67.2"
3955,"New London","68","135",195,"34.9","69.2","40","36","3",207,"1.4","183",194,"94.3","204","619",1032,"19.8","60","70","261",480,"14.6","54.4","134","358",552,"24.3","64.9"
3962,"New Richmond","43","108",211,"20.4","51.2","45","48","0",219,"0","199",207,"96.1","168","621",1437,"11.7","43.2","106","342",767,"13.8","44.6","62","279",670,"9.3","41.6"
3969,"Niagara","1","14",36,"2.8","38.9","58","61","0",41,"0","34",37,"91.9","38","121",194,"19.6","62.4","20","65",103,"19.4","63.1","18","56",91,"19.8","61.5"
3976,"Norris","Redacted","Redacted",11,"Redacted","Redacted","Redacted","Redacted","Redacted",12,"Redacted","Redacted",9,"Redacted","Redacted","Redacted",12,"Redacted","Redacted",NA,NA,NA,NA,NA,"Redacted","Redacted",12,"Redacted","Redacted"
3983,"North Fond du Lac","37","74",101,"36.6","73.3","36","36","4",104,"3.8","0",99,"0","173","401",556,"31.1","72.1","98","202",278,"35.3","72.7","75","199",278,"27","71.6"
3990,"Norwalk-Ontario-Wilton","15","35",56,"26.8","62.5","36","48","1",52,"1.9","50",52,"96.2","59","191",304,"19.4","62.8","15","82",152,"9.9","53.9","44","109",152,"28.9","71.7"
4011,"Norway J7",NA,NA,NA,NA,NA,NA,NA,NA,NA,NA,NA,NA,NA,"9","21",56,"16.1","37.5","9","17",36,"25","47.2","0","4",20,"0","20"
4018,"Oak Creek-Franklin Joint","111","299",526,"21.1","56.8","45","48","12",504,"2.4","480",489,"98.2","378","1342",2830,"13.4","47.4","204","611",1357,"15","45","174","731",1473,"11.8","49.6"
4025,"Oakfield","6","15",33,"18.2","45.5","52","55","0",23,"0","0",21,"0","17","99",243,"7","40.7","2","33",116,"1.7","28.4","15","66",127,"11.8","52"
4060,"Oconomowoc Area","50","162",389,"12.9","41.6","52","61","1",349,"0.3","323",344,"93.9","356","1188",2332,"15.3","50.9","202","613",1149,"17.6","53.4","154","575",1183,"13","48.6"
4067,"Oconto Unified","26","62",85,"30.6","72.9","36","42","0",84,"0","69",70,"98.6","117","292",459,"25.5","63.6","59","143",224,"26.3","63.8","58","149",235,"24.7","63.4"
4074,"Oconto Falls Public","27","63",122,"22.1","51.6","45","48","2",138,"1.4","121",134,"90.3","103","382",741,"13.9","51.6","47","185",377,"12.5","49.1","56","197",364,"15.4","54.1"
4088,"Omro","30","59",105,"28.6","56.2","40","42","1",111,"0.9","98",106,"92.5","79","295",540,"14.6","54.6","49","154",263,"18.6","58.6","30","141",277,"10.8","50.9"
4095,"Onalaska","39","113",236,"16.5","47.9","52","55","2",226,"0.9","206",219,"94.1","186","650",1357,"13.7","47.9","95","308",661,"14.4","46.6","91","342",696,"13.1","49.1"
4137,"Oostburg","9","36",90,"10","40","64","55","1",80,"1.2","76",77,"98.7","42","172",431,"9.7","39.9","17","86",225,"7.6","38.2","25","86",206,"12.1","41.7"
4144,"Oregon","32","94",240,"13.3","39.2","58","61","0",316,"0","282",288,"97.9","197","726",1670,"11.8","43.5","85","357",842,"10.1","42.4","112","369",828,"13.5","44.6"
4151,"Parkview","16","39",69,"23.2","56.5","52","55","0",67,"0","64",67,"95.5","58","181",321,"18.1","56.4","32","93",166,"19.3","56","26","88",155,"16.8","56.8"
4165,"Osceola","18","73",123,"14.6","59.3","45","48","2",131,"1.5","122",128,"95.3","122","370",741,"16.5","49.9","88","240",392,"22.4","61.2","34","130",349,"9.7","37.2"
4179,"Oshkosh Area","209","417",710,"29.4","58.7","40","42","30",780,"3.8","658",726,"90.6","1103","2671",4225,"26.1","63.2","616","1402",2140,"28.8","65.5","487","1269",2085,"23.4","60.9"
4186,"Osseo-Fairchild","16","37",66,"24.2","56.1","45","48","0",56,"0","54",59,"91.5","107","266",404,"26.5","65.8","21","95",187,"11.2","50.8","86","171",217,"39.6","78.8"
4207,"Owen-Withee","11","25",34,"32.4","73.5","36","42","0",33,"0","30",31,"96.8","52","150",228,"22.8","65.8","28","67",107,"26.2","62.6","24","83",121,"19.8","68.6"
4221,"Palmyra-Eagle Area","23","45",66,"34.8","68.2","36","36","2",96,"2.1","78",85,"91.8","54","225",367,"14.7","61.3","22","114",185,"11.9","61.6","32","111",182,"17.6","61"
4228,"Pardeeville Area","17","40",67,"25.4","59.7","45","42","0",60,"0","56",59,"94.9","61","198",354,"17.2","55.9","32","115",197,"16.2","58.4","29","83",157,"18.5","52.9"
4235,"Paris J1",NA,NA,NA,NA,NA,NA,NA,NA,NA,NA,NA,NA,NA,"10","81",188,"5.3","43.1","3","39",90,"3.3","43.3","7","42",98,"7.1","42.9"
4263,"Beecher-Dunbar-Pembine","Redacted","Redacted",18,"Redacted","Redacted","Redacted","Redacted","Redacted",17,"Redacted","Redacted",17,"Redacted","31","79",113,"27.4","69.9","15","39",61,"24.6","63.9","16","40",52,"30.8","76.9"
4270,"Pepin Area","Redacted","Redacted",17,"Redacted","Redacted","Redacted","Redacted","0",23,"0","23",23,"100","17","46",92,"18.5","50","12","30",49,"24.5","61.2","5","16",43,"11.6","37.2"
4305,"Peshtigo","24","50",87,"27.6","57.5","45","48","0",97,"0","91",94,"96.8","90","294",506,"17.8","58.1","48","135",248,"19.4","54.4","42","159",258,"16.3","61.6"
4312,"Pewaukee","26","80",204,"12.7","39.2","64","61","0",217,"0","201",211,"95.3","160","537",1288,"12.4","41.7","80","255",637,"12.6","40","80","282",651,"12.3","43.3"
4330,"Phelps","Redacted","Redacted",11,"Redacted","Redacted","Redacted","Redacted","Redacted",6,"Redacted","Redacted",6,"Redacted","15","38",61,"24.6","62.3","4","13",24,"16.7","54.2","11","25",37,"29.7","67.6"
4347,"Phillips","20","32",61,"32.8","52.5","52","42","1",60,"1.7","54",58,"93.1","73","182",328,"22.3","55.5","24","83",169,"14.2","49.1","49","99",159,"30.8","62.3"
4368,"Pittsville","7","19",33,"21.2","57.6","45","55","0",55,"0","50",53,"94.3","41","151",245,"16.7","61.6","18","69",129,"14","53.5","23","82",116,"19.8","70.7"
4375,"Tri-County Area","15","26",41,"36.6","63.4","40","36","0",45,"0","43",45,"95.6","60","162",260,"23.1","62.3","24","72",127,"18.9","56.7","36","90",133,"27.1","67.7"
4389,"Platteville","17","49",105,"16.2","46.7","58","55","0",109,"0","98",106,"92.5","64","252",662,"9.7","38.1","38","144",352,"10.8","40.9","26","108",310,"8.4","34.8"
4459,"Plum City","3","7",23,"13","30.4","69","61","1",24,"4.2","24",24,"100","22","83",124,"17.7","66.9","14","47",66,"21.2","71.2","8","36",58,"13.8","62.1"
4473,"Plymouth Joint","33","91",188,"17.6","48.4","52","48","0",201,"0","189",196,"96.4","201","573",918,"21.9","62.4","94","267",453,"20.8","58.9","107","306",465,"23","65.8"
4501,"Portage Community","40","97",204,"19.6","47.5","52","48","2",197,"1","23",188,"12.2","251","637",1054,"23.8","60.4","121","298",502,"24.1","59.4","130","339",552,"23.6","61.4"
4508,"Port Edwards","Redacted","Redacted",14,"Redacted","Redacted","Redacted","Redacted","0",40,"0","30",39,"76.9","15","61",139,"10.8","43.9","9","32",77,"11.7","41.6","6","29",62,"9.7","46.8"
4515,"Port Washington-Saukville","36","101",219,"16.4","46.1","58","55","0",219,"0","209",212,"98.6","80","401",1051,"7.6","38.2","38","184",529,"7.2","34.8","42","217",522,"8","41.6"
4522,"South Shore","Redacted","Redacted",13,"Redacted","Redacted","Redacted","Redacted","Redacted",18,"Redacted","Redacted",15,"Redacted","12","41",68,"17.6","60.3","8","21",36,"22.2","58.3","4","20",32,"12.5","62.5"
4529,"Potosi","5","15",24,"20.8","62.5","45","48","0",28,"0","28",28,"100","20","81",132,"15.2","61.4","6","42",67,"9","62.7","14","39",65,"21.5","60"
4536,"Poynette","19","52",90,"21.1","57.8","40","48","0",93,"0","86",88,"97.7","69","253",498,"13.9","50.8","38","121",235,"16.2","51.5","31","132",263,"11.8","50.2"
4543,"Prairie du Chien Area","11","36",77,"14.3","46.8","52","55","0",99,"0","95",98,"96.9","59","242",448,"13.2","54","29","110",223,"13","49.3","30","132",225,"13.3","58.7"
4557,"Prairie Farm Public","9","22",27,"33.3","81.5","36","42","0",25,"0","24",25,"96","22","89",165,"13.3","53.9","15","54",101,"14.9","53.5","7","35",64,"10.9","54.7"
4571,"Prentice","3","12",23,"13","52.2","45","55","0",35,"0","33",35,"94.3","35","104",193,"18.1","53.9","13","45",85,"15.3","52.9","22","59",108,"20.4","54.6"
4578,"Prescott","7","41",90,"7.8","45.6","58","61","0",96,"0","88",91,"96.7","72","292",607,"11.9","48.1","40","160",295,"13.6","54.2","32","132",312,"10.3","42.3"
4606,"Princeton","4","10",24,"16.7","41.7","52","55","0",39,"0","33",36,"91.7","23","85",172,"13.4","49.4","10","34",79,"12.7","43","13","51",93,"14","54.8"
4613,"Pulaski Community","63","138",260,"24.2","53.1","52","48","0",264,"0","247",254,"97.2","277","956",1639,"16.9","58.3","151","477",803,"18.8","59.4","126","479",836,"15.1","57.3"
4620,"Racine Unified","491","875",1374,"35.7","63.7","32","36","99",1693,"5.8","1139",1483,"76.8","3840","6274",8039,"47.8","78","1888","3250",4248,"44.4","76.5","1952","3024",3791,"51.5","79.8"
4627,"Randall J1",NA,NA,NA,NA,NA,NA,NA,NA,NA,NA,NA,NA,NA,"40","174",411,"9.7","42.3","25","79",199,"12.6","39.7","15","95",212,"7.1","44.8"
4634,"Randolph","8","25",45,"17.8","55.6","45","48","1",38,"2.6","33",38,"86.8","34","141",240,"14.2","58.8","18","75",125,"14.4","60","16","66",115,"13.9","57.4"
4641,"Random Lake","8","39",79,"10.1","49.4","52","48","0",80,"0","67",74,"90.5","81","216",387,"20.9","55.8","40","109",181,"22.1","60.2","41","107",206,"19.9","51.9"
4686,"Raymond #14",NA,NA,NA,NA,NA,NA,NA,NA,NA,NA,NA,NA,NA,"26","113",267,"9.7","42.3","15","62",135,"11.1","45.9","11","51",132,"8.3","38.6"
4690,"North Cape",NA,NA,NA,NA,NA,NA,NA,NA,NA,NA,NA,NA,NA,"11","41",104,"10.6","39.4","8","23",54,"14.8","42.6","3","18",50,"6","36"
4753,"Reedsburg","47","100",179,"26.3","55.9","45","48","0",236,"0","209",221,"94.6","190","585",1154,"16.5","50.7","111","302",553,"20.1","54.6","79","283",601,"13.1","47.1"
4760,"Reedsville","8","25",51,"15.7","49","58","55","0",44,"0","34",38,"89.5","15","89",222,"6.8","40.1","11","44",115,"9.6","38.3","4","45",107,"3.7","42.1"
4781,"Rhinelander","49","102",182,"26.9","56","40","48","0",232,"0","195",221,"88.2","244","633",976,"25","64.9","120","323",499,"24","64.7","124","310",477,"26","65"
4795,"Rib Lake","Redacted","Redacted",19,"Redacted","Redacted","Redacted","Redacted","1",34,"2.9","32",33,"97","25","105",201,"12.4","52.2","15","64",116,"12.9","55.2","10","41",85,"11.8","48.2"
4802,"Rice Lake Area","32","106",189,"16.9","56.1","45","48","2",192,"1","158",167,"94.6","171","508",945,"18.1","53.8","106","259",484,"21.9","53.5","65","249",461,"14.1","54"
4820,"Richfield J1",NA,NA,NA,NA,NA,NA,NA,NA,NA,NA,NA,NA,NA,"13","72",276,"4.7","26.1","9","45",139,"6.5","32.4","4","27",137,"2.9","19.7"
4843,"Friess Lake",NA,NA,NA,NA,NA,NA,NA,NA,NA,NA,NA,NA,NA,"8","39",129,"6.2","30.2","5","19",63,"7.9","30.2","3","20",66,"4.5","30.3"
4851,"Richland","21","56",95,"22.1","58.9","45","48","5",124,"4","80",121,"66.1","181","418",600,"30.2","69.7","79","196",291,"27.1","67.4","102","222",309,"33","71.8"
4865,"Rio Community","7","25",33,"21.2","75.8","36","36","0",29,"0","27",30,"90","41","118",193,"21.2","61.1","18","53",95,"18.9","55.8","23","65",98,"23.5","66.3"
4872,"Ripon Area","25","76",142,"17.6","53.5","52","48","4",119,"3.4","106",117,"90.6","90","333",739,"12.2","45.1","35","141",357,"9.8","39.5","55","192",382,"14.4","50.3"
4893,"River Falls","27","101",242,"11.2","41.7","52","61","1",261,"0.4","222",250,"88.8","184","681",1449,"12.7","47","97","316",735,"13.2","43","87","365",714,"12.2","51.1"
4904,"River Ridge","10","18",30,"33.3","60","45","48","1",37,"2.7","36",37,"97.3","51","155",242,"21.1","64","22","70",113,"19.5","61.9","29","85",129,"22.5","65.9"
4956,"Rosendale-Brandon","13","54",94,"13.8","57.4","45","48","0",72,"0","67",70,"95.7","39","201",469,"8.3","42.9","18","101",226,"8","44.7","21","100",243,"8.6","41.2"
4963,"Rosholt","11","28",45,"24.4","62.2","45","42","0",52,"0","52",53,"98.1","60","148",245,"24.5","60.4","34","81",126,"27","64.3","26","67",119,"21.8","56.3"
4970,"D C Everest Area","72","192",371,"19.4","51.8","52","55","0",430,"0","384",407,"94.3","407","1365",2579,"15.8","52.9","207","662",1267,"16.3","52.2","200","703",1312,"15.2","53.6"
4998,"Rubicon J6",NA,NA,NA,NA,NA,NA,NA,NA,NA,NA,NA,NA,NA,"8","27",48,"16.7","56.2","5","13",26,"19.2","50","3","14",22,"13.6","63.6"
5019,"Saint Croix Falls","16","37",67,"23.9","55.2","40","42","0",75,"0","69",72,"95.8","57","197",518,"11","38","25","87",271,"9.2","32.1","32","110",247,"13","44.5"
5026,"Saint Francis","36","92",124,"29","74.2","40","36","8",134,"6","121",134,"90.3","89","252",415,"21.4","60.7","49","130",204,"24","63.7","40","122",211,"19","57.8"
5054,"Central/Westosha UHS","51","154",299,"17.1","51.5","52","48","2",293,"0.7","262",279,"93.9",NA,NA,NA,NA,NA,NA,NA,NA,NA,NA,NA,NA,NA,NA,NA
5068,"Salem",NA,NA,NA,NA,NA,NA,NA,NA,NA,NA,NA,NA,NA,"67","288",588,"11.4","49","29","133",278,"10.4","47.8","38","155",310,"12.3","50"
5100,"Sauk Prairie","32","94",197,"16.2","47.7","52","55","12",218,"5.5","201",216,"93.1","196","633",1227,"16","51.6","113","332",598,"18.9","55.5","83","301",629,"13.2","47.9"
5124,"Seneca","Redacted","Redacted",15,"Redacted","Redacted","Redacted","Redacted","Redacted",16,"Redacted","Redacted",17,"Redacted","13","57",132,"9.8","43.2","7","32",79,"8.9","40.5","6","25",53,"11.3","47.2"
5130,"Sevastopol","10","19",45,"22.2","42.2","64","55","0",43,"0","40",42,"95.2","11","86",247,"4.5","34.8","6","39",110,"5.5","35.5","5","47",137,"3.6","34.3"
5138,"Seymour Community","39","107",171,"22.8","62.6","45","48","0",194,"0","156",177,"88.1","208","593",1063,"19.6","55.8","117","292",527,"22.2","55.4","91","301",536,"17","56.2"
5258,"Sharon J11",NA,NA,NA,NA,NA,NA,NA,NA,NA,NA,NA,NA,NA,"38","113",183,"20.8","61.7","21","50",83,"25.3","60.2","17","63",100,"17","63"
5264,"Shawano","53","123",195,"27.2","63.1","40","48","0",214,"0","157",187,"84","285","677",1073,"26.6","63.1","170","369",545,"31.2","67.7","115","308",528,"21.8","58.3"
5271,"Sheboygan Area","226","496",762,"29.7","65.1","40","42","28",788,"3.6","673",751,"89.6","1132","2706",4354,"26","62.1","566","1373",2222,"25.5","61.8","566","1333",2132,"26.5","62.5"
5278,"Sheboygan Falls","26","82",139,"18.7","59","45","48","0",141,"0","133",138,"96.4","175","485",740,"23.6","65.5","97","248",382,"25.4","64.9","78","237",358,"21.8","66.2"
5306,"Shell Lake","5","21",51,"9.8","41.2","58","55","0",38,"0","36",38,"94.7","54","175",301,"17.9","58.1","34","98",161,"21.1","60.9","20","77",140,"14.3","55"
5348,"Shiocton","15","32",52,"28.8","61.5","40","42","0",46,"0","46",46,"100","58","162",310,"18.7","52.3","34","97",160,"21.2","60.6","24","65",150,"16","43.3"
5355,"Shorewood","16","50",156,"10.3","32.1","64","66","4",187,"2.1","166",181,"91.7","98","323",922,"10.6","35","38","148",451,"8.4","32.8","60","175",471,"12.7","37.2"
5362,"Shullsburg","6","19",30,"20","63.3","40","42","Redacted",19,"Redacted","17",20,"85","25","80",172,"14.5","46.5","15","46",88,"17","52.3","10","34",84,"11.9","40.5"
5369,"Silver Lake J1",NA,NA,NA,NA,NA,NA,NA,NA,NA,NA,NA,NA,NA,"43","157",324,"13.3","48.5","24","69",145,"16.6","47.6","19","88",179,"10.6","49.2"
5376,"Siren","11","24",34,"32.4","70.6","36","42","0",35,"0","25",29,"86.2","43","133",203,"21.2","65.5","19","62",97,"19.6","63.9","24","71",106,"22.6","67"
5390,"Slinger","25","109",245,"10.2","44.5","58","55","0",240,"0","221",228,"96.9","100","465",1310,"7.6","35.5","50","221",624,"8","35.4","50","244",686,"7.3","35.6"
5397,"Solon Springs","9","14",21,"42.9","66.7","32","25","0",25,"0","1",23,"4.3","25","66",104,"24","63.5","12","36",52,"23.1","69.2","13","30",52,"25","57.7"
5432,"Somerset","26","74",126,"20.6","58.7","45","48","0",111,"0","105",107,"98.1","106","355",667,"15.9","53.2","55","181",326,"16.9","55.5","51","174",341,"15","51"
5439,"South Milwaukee","74","163",276,"26.8","59.1","40","42","7",292,"2.4","278",289,"96.2","397","916",1362,"29.1","67.3","184","448",648,"28.4","69.1","213","468",714,"29.8","65.5"
5457,"Southern Door County","10","43",83,"12","51.8","52","42","0",95,"0","86",90,"95.6","83","277",467,"17.8","59.3","54","144",241,"22.4","59.8","29","133",226,"12.8","58.8"
5460,"Sparta Area","64","147",201,"31.8","73.1","36","36","4",206,"1.9","191",202,"94.6","304","814",1219,"24.9","66.8","150","430",663,"22.6","64.9","154","384",556,"27.7","69.1"
5467,"Spencer","7","26",54,"13","48.1","58","48","0",63,"0","62",63,"98.4","52","156",322,"16.1","48.4","28","71",156,"17.9","45.5","24","85",166,"14.5","51.2"
5474,"Spooner Area","31","57",96,"32.3","59.4","40","42","0",92,"0","70",88,"79.5","134","342",547,"24.5","62.5","72","176",282,"25.5","62.4","62","166",265,"23.4","62.6"
5523,"River Valley","19","63",121,"15.7","52.1","52","55","3",108,"2.8","106",108,"98.1","78","277",535,"14.6","51.8","37","134",230,"16.1","58.3","41","143",305,"13.4","46.9"
5586,"Spring Valley","13","32",48,"27.1","66.7","40","48","0",53,"0","52",52,"100","51","181",344,"14.8","52.6","16","71",161,"9.9","44.1","35","110",183,"19.1","60.1"
5593,"Stanley-Boyd Area","14","44",88,"15.9","50","52","48","0",74,"0","71",73,"97.3","76","256",446,"17","57.4","45","142",248,"18.1","57.3","31","114",198,"15.7","57.6"
5607,"Stevens Point Area Public","104","273",515,"20.2","53","45","55","12",569,"2.1","448",529,"84.7","582","1728",3012,"19.3","57.4","298","843",1487,"20","56.7","284","885",1525,"18.6","58"
5614,"Stockbridge","Redacted","Redacted",16,"Redacted","Redacted","Redacted","Redacted","Redacted",10,"Redacted","Redacted",10,"Redacted","19","55",106,"17.9","51.9","10","24",55,"18.2","43.6","9","31",51,"17.6","60.8"
5621,"Stoughton Area","45","132",284,"15.8","46.5","52","55","3",268,"1.1","257",262,"98.1","242","707",1332,"18.2","53.1","118","346",668,"17.7","51.8","124","361",664,"18.7","54.4"
5628,"Stratford","14","37",77,"18.2","48.1","52","42","2",70,"2.9","70",73,"95.9","61","217",417,"14.6","52","27","96",194,"13.9","49.5","34","121",223,"15.2","54.3"
5642,"Sturgeon Bay","13","47",100,"13","47","58","55","0",101,"0","93",95,"97.9","61","241",506,"12.1","47.6","35","129",240,"14.6","53.8","26","112",266,"9.8","42.1"
5656,"Sun Prairie Area","84","242",565,"14.9","42.8","58","55","21",566,"3.7","479",532,"90","662","1818",3488,"19","52.1","403","1051",1831,"22","57.4","259","767",1657,"15.6","46.3"
5663,"Superior","80","177",320,"25","55.3","45","48","1",354,"0.3","290",337,"86.1","437","1145",1929,"22.7","59.4","212","549",988,"21.5","55.6","225","596",941,"23.9","63.3"
5670,"Suring Public","7","20",32,"21.9","62.5","40","42","0",29,"0","28",29,"96.6","44","130",185,"23.8","70.3","11","57",90,"12.2","63.3","33","73",95,"34.7","76.8"
5726,"Thorp","19","35",49,"38.8","71.4","40","42","0",47,"0","45",46,"97.8","31","121",254,"12.2","47.6","17","58",128,"13.3","45.3","14","63",126,"11.1","50"
5733,"Three Lakes","10","24",39,"25.6","61.5","45","42","0",34,"0","32",35,"91.4","33","116",216,"15.3","53.7","18","63",110,"16.4","57.3","15","53",106,"14.2","50"
5740,"Tigerton","6","14",22,"27.3","63.6","45","48","0",22,"0","21",21,"100","14","58",87,"16.1","66.7","9","34",49,"18.4","69.4","5","24",38,"13.2","63.2"
5747,"Tomah Area","46","128",225,"20.4","56.9","40","48","1",231,"0.4","209",225,"92.9","292","787",1244,"23.5","63.3","117","350",620,"18.9","56.5","175","437",624,"28","70"
5754,"Tomahawk","18","46",102,"17.6","45.1","45","48","0",117,"0","106",111,"95.5","102","324",560,"18.2","57.9","49","142",267,"18.4","53.2","53","182",293,"18.1","62.1"
5757,"Flambeau","15","26",38,"39.5","68.4","36","36","0",51,"0","46",51,"90.2","76","186",260,"29.2","71.5","39","93",129,"30.2","72.1","37","93",131,"28.2","71"
5780,"Trevor-Wilmot Consolidated",NA,NA,NA,NA,NA,NA,NA,NA,NA,NA,NA,NA,NA,"31","157",343,"9","45.8","19","89",182,"10.4","48.9","12","68",161,"7.5","42.2"
5810,"Turtle Lake","10","16",26,"38.5","61.5","40","42","0",34,"0","32",33,"97","31","97",173,"17.9","56.1","14","40",79,"17.7","50.6","17","57",94,"18.1","60.6"
5817,"Twin Lakes #4",NA,NA,NA,NA,NA,NA,NA,NA,NA,NA,NA,NA,NA,"47","134",218,"21.6","61.5","28","73",114,"24.6","64","19","61",104,"18.3","58.7"
5824,"Two Rivers Public","31","87",131,"23.7","66.4","40","42","1",124,"0.8","92",113,"81.4","116","449",764,"15.2","58.8","73","246",393,"18.6","62.6","43","203",371,"11.6","54.7"
5852,"Union Grove UHS","48","133",259,"18.5","51.4","52","55","1",253,"0.4","246",250,"98.4",NA,NA,NA,NA,NA,NA,NA,NA,NA,NA,NA,NA,NA,NA,NA
5859,"Union Grove J1",NA,NA,NA,NA,NA,NA,NA,NA,NA,NA,NA,NA,NA,"91","300",566,"16.1","53","28","119",254,"11","46.9","63","181",312,"20.2","58"
5866,"Valders Area","11","47",85,"12.9","55.3","52","48","2",80,"2.5","75",79,"94.9","37","169",386,"9.6","43.8","19","87",185,"10.3","47","18","82",201,"9","40.8"
5901,"Verona Area","61","151",363,"16.8","41.6","58","55","13",420,"3.1","377",400,"94.2","445","1203",2359,"18.9","51","217","614",1200,"18.1","51.2","228","589",1159,"19.7","50.8"
5960,"Kickapoo Area","12","26",40,"30","65","36","42","0",34,"0","30",33,"90.9","48","121",215,"22.3","56.3","24","62",109,"22","56.9","24","59",106,"22.6","55.7"
5985,"Viroqua Area","12","46",86,"14","53.5","45","55","0",79,"0","71",74,"95.9","69","213",469,"14.7","45.4","35","96",236,"14.8","40.7","34","117",233,"14.6","50.2"
5992,"Wabeno Area","10","24",34,"29.4","70.6","36","42","0",44,"0","41",41,"100","42","105",175,"24","60","27","57",87,"31","65.5","15","48",88,"17","54.5"
6013,"Big Foot UHS","26","72",121,"21.5","59.5","40","42","5",142,"3.5","125",135,"92.6",NA,NA,NA,NA,NA,NA,NA,NA,NA,NA,NA,NA,NA,NA,NA
6022,"Walworth J1",NA,NA,NA,NA,NA,NA,NA,NA,NA,NA,NA,NA,NA,"54","159",306,"17.6","52","34","95",149,"22.8","63.8","20","64",157,"12.7","40.8"
6027,"Washburn","9","23",56,"16.1","41.1","45","55","0",56,"0","0",51,"0","45","112",242,"18.6","46.3","29","58",118,"24.6","49.2","16","54",124,"12.9","43.5"
6069,"Washington","Redacted","Redacted",8,"Redacted","Redacted","Redacted","Redacted","Redacted",7,"Redacted","Redacted",6,"Redacted","7","19",32,"21.9","59.4","Redacted","Redacted",13,"Redacted","Redacted","Redacted","Redacted",19,"Redacted","Redacted"
6083,"Waterford UHS","37","95",242,"15.3","39.3","58","61","1",306,"0.3","3",295,"1",NA,NA,NA,NA,NA,NA,NA,NA,NA,NA,NA,NA,NA,NA,NA
6104,"Washington-Caldwell",NA,NA,NA,NA,NA,NA,NA,NA,NA,NA,NA,NA,NA,"5","40",117,"4.3","34.2","3","18",48,"6.2","37.5","2","22",69,"2.9","31.9"
6113,"Waterford Graded J1",NA,NA,NA,NA,NA,NA,NA,NA,NA,NA,NA,NA,NA,"84","437",1039,"8.1","42.1","41","210",499,"8.2","42.1","43","227",540,"8","42"
6118,"Waterloo","12","33",74,"16.2","44.6","58","48","5",63,"7.9","61",61,"100","76","207",307,"24.8","67.4","37","96",155,"23.9","61.9","39","111",152,"25.7","73"
6125,"Watertown Unified","83","189",360,"23.1","52.5","45","48","5",309,"1.6","284",304,"93.4","371","972",1537,"24.1","63.2","161","430",750,"21.5","57.3","210","542",787,"26.7","68.9"
6174,"Waukesha","248","566",1080,"23","52.4","45","48","30",1172,"2.6","961",1135,"84.7","1250","3089",5475,"22.8","56.4","642","1543",2714,"23.7","56.9","608","1546",2761,"22","56"
6181,"Waunakee Community","26","93",299,"8.7","31.1","69","66","1",299,"0.3","272",283,"96.1","112","610",1817,"6.2","33.6","76","321",881,"8.6","36.4","36","289",936,"3.8","30.9"
6195,"Waupaca","42","101",170,"24.7","59.4","52","48","0",166,"0","145",158,"91.8","198","546",936,"21.2","58.3","60","212",445,"13.5","47.6","138","334",491,"28.1","68"
6216,"Waupun","38","83",120,"31.7","69.2","36","42","1",139,"0.7","129",133,"97","144","439",805,"17.9","54.5","65","216",411,"15.8","52.6","79","223",394,"20.1","56.6"
6223,"Wausau","141","333",625,"22.6","53.3","45","48","20",651,"3.1","526",594,"88.6","571","1736",3467,"16.5","50.1","303","845",1787,"17","47.3","268","891",1680,"16","53"
6230,"Wausaukee","9","26",34,"26.5","76.5","36","42","0",51,"0","46",50,"92","66","139",200,"33","69.5","32","66",92,"34.8","71.7","34","73",108,"31.5","67.6"
6237,"Wautoma Area","29","67",97,"29.9","69.1","36","36","3",108,"2.8","83",104,"79.8","142","406",602,"23.6","67.4","54","186",293,"18.4","63.5","88","220",309,"28.5","71.2"
6244,"Wauwatosa","87","237",541,"16.1","43.8","52","61","3",615,"0.5","538",581,"92.6","433","1358",3128,"13.8","43.4","183","572",1505,"12.2","38","250","786",1623,"15.4","48.4"
6251,"Wauzeka-Steuben","2","11",20,"10","55","36","48","0",26,"0","24",26,"92.3","21","72",136,"15.4","52.9","6","26",58,"10.3","44.8","15","46",78,"19.2","59"
6293,"Webster","11","26",42,"26.2","61.9","40","48","1",45,"2.2","39",44,"88.6","79","182",300,"26.3","60.7","48","99",166,"28.9","59.6","31","83",134,"23.1","61.9"
6300,"West Allis-West Milwaukee","311","579",819,"38","70.7","36","36","19",842,"2.3","729",800,"91.1","1005","2316",3844,"26.1","60.2","440","1102",1925,"22.9","57.2","565","1214",1919,"29.4","63.3"
6307,"West Bend","105","271",542,"19.4","50","52","55","5",582,"0.9","521",552,"94.4","507","1425",2923,"17.3","48.8","211","641",1412,"14.9","45.4","296","784",1511,"19.6","51.9"
6321,"Westby Area","13","40",81,"16","49.4","45","55","0",81,"0","76",80,"95","103","292",495,"20.8","59","48","142",245,"19.6","58","55","150",250,"22","60"
6328,"West De Pere","39","94",204,"19.1","46.1","58","55","0",213,"0","198",201,"98.5","192","746",1473,"13","50.6","78","360",752,"10.4","47.9","114","386",721,"15.8","53.5"
6335,"Westfield","18","42",77,"23.4","54.5","52","42","1",84,"1.2","80",88,"90.9","77","259",422,"18.2","61.4","42","139",223,"18.8","62.3","35","120",199,"17.6","60.3"
6354,"Weston","5","19",22,"22.7","86.4","32","36","0",25,"0","24",24,"100","22","74",126,"17.5","58.7","9","29",60,"15","48.3","13","45",66,"19.7","68.2"
6370,"West Salem","28","82",157,"17.8","52.2","58","55","0",125,"0","118",122,"96.7","69","331",784,"8.8","42.2","42","168",420,"10","40","27","163",364,"7.4","44.8"
6384,"Weyauwega-Fremont","13","40",63,"20.6","63.5","52","48","1",72,"1.4","66",71,"93","31","173",348,"8.9","49.7","16","93",174,"9.2","53.4","15","80",174,"8.6","46"
6412,"Wheatland J1",NA,NA,NA,NA,NA,NA,NA,NA,NA,NA,NA,NA,NA,"50","153",328,"15.2","46.6","13","56",150,"8.7","37.3","37","97",178,"20.8","54.5"
6419,"Whitefish Bay","14","43",215,"6.5","20","79","78","1",266,"0.4","243",252,"96.4","68","357",1310,"5.2","27.3","31","171",632,"4.9","27.1","37","186",678,"5.5","27.4"
6426,"Whitehall","12","27",40,"30","67.5","36","31","0",65,"0","63",68,"92.6","66","209",326,"20.2","64.1","42","108",152,"27.6","71.1","24","101",174,"13.8","58"
6440,"White Lake","Redacted","Redacted",16,"Redacted","Redacted","Redacted","Redacted","Redacted",14,"Redacted","Redacted",14,"Redacted","19","50",63,"30.2","79.4","10","20",26,"38.5","76.9","9","30",37,"24.3","81.1"
6461,"Whitewater Unified","33","78",134,"24.6","58.2","45","48","7",171,"4.1","146",160,"91.2","186","485",827,"22.5","58.6","77","231",411,"18.7","56.2","109","254",416,"26.2","61.1"
6470,"Whitnall","33","92",197,"16.8","46.7","52","55","1",206,"0.5","195",200,"97.5","163","523",1077,"15.1","48.6","63","207",517,"12.2","40","100","316",560,"17.9","56.4"
6475,"Wild Rose","8","25",44,"18.2","56.8","45","48","1",47,"2.1","41",46,"89.1","23","118",250,"9.2","47.2","9","57",120,"7.5","47.5","14","61",130,"10.8","46.9"
6482,"Williams Bay","3","11",33,"9.1","33.3","64","66","0",35,"0","34",34,"100","42","166",320,"13.1","51.9","27","93",156,"17.3","59.6","15","73",164,"9.1","44.5"
6545,"Wilmot UHS","50","150",264,"18.9","56.8","45","48","1",292,"0.3","245",273,"89.7",NA,NA,NA,NA,NA,NA,NA,NA,NA,NA,NA,NA,NA,NA,NA
6608,"Winneconne Community","19","49",108,"17.6","45.4","52","55","2",126,"1.6","119",123,"96.7","53","246",703,"7.5","35","44","152",328,"13.4","46.3","9","94",375,"2.4","25.1"
6615,"Winter","Redacted","Redacted",16,"Redacted","Redacted","Redacted","Redacted","0",24,"0","24",25,"96","10","53",110,"9.1","48.2","5","21",60,"8.3","35","5","32",50,"10","64"
6678,"Wisconsin Dells","18","44",92,"19.6","47.8","52","48","4",121,"3.3","94",109,"86.2","195","498",806,"24.2","61.8","114","257",425,"26.8","60.5","81","241",381,"21.3","63.3"
6685,"Wisconsin Rapids","80","195",371,"21.6","52.6","52","48","5",482,"1","394",429,"91.8","365","1116",2143,"17","52.1","190","561",1085,"17.5","51.7","175","555",1058,"16.5","52.5"
6692,"Wittenberg-Birnamwood","14","42",77,"18.2","54.5","45","55","0",73,"0","64",70,"91.4","78","291",509,"15.3","57.2","50","161",255,"19.6","63.1","28","130",254,"11","51.2"
6713,"Wonewoc-Union Center","4","13",25,"16","52","45","55","0",22,"0","22",22,"100","30","103",149,"20.1","69.1","13","45",78,"16.7","57.7","17","58",71,"23.9","81.7"
6720,"Woodruff J1",NA,NA,NA,NA,NA,NA,NA,NA,NA,NA,NA,NA,NA,"56","175",332,"16.9","52.7","26","78",160,"16.2","48.8","30","97",172,"17.4","56.4"
6734,"Wrightstown Community","13","43",108,"12","39.8","64","61","0",111,"0","105",110,"95.5","27","181",546,"4.9","33.2","18","90",255,"7.1","35.3","9","91",291,"3.1","31.3"
6748,"Yorkville J2",NA,NA,NA,NA,NA,NA,NA,NA,NA,NA,NA,NA,NA,"39","149",347,"11.2","42.9","16","58",148,"10.8","39.2","23","91",199,"11.6","45.7"
8001,"Seeds of Health Inc","30","95",122,"24.6","77.9","36","36","3",115,"2.6","114",116,"98.3","91","194",262,"34.7","74","44","96",134,"32.8","71.6","47","98",128,"36.7","76.6"
8101,"Downtown Montessori",NA,NA,NA,NA,NA,NA,NA,NA,NA,NA,NA,NA,NA,"13","45",94,"13.8","47.9","12","28",58,"20.7","48.3","1","17",36,"2.8","47.2"
8103,"Milwaukee College Preparatory School --",NA,NA,NA,NA,NA,NA,NA,NA,NA,NA,NA,NA,NA,"27","146",301,"9","48.5","16","68",150,"10.7","45.3","11","78",151,"7.3","51.7"
8105,"Central City Cyberschool",NA,NA,NA,NA,NA,NA,NA,NA,NA,NA,NA,NA,NA,"93","217",268,"34.7","81","51","108",135,"37.8","80","42","109",133,"31.6","82"
8106,"Milwaukee Academy of Science","14","25",28,"50","89.3","27","25","0",23,"0","22",25,"88","273","415",441,"61.9","94.1","153","218",227,"67.4","96","120","197",214,"56.1","92.1"
8107,"School for Early Development and",NA,NA,NA,NA,NA,NA,NA,NA,NA,NA,NA,NA,NA,NA,NA,NA,NA,NA,NA,NA,NA,NA,NA,NA,NA,NA,NA,NA
8109,"DLH Academy",NA,NA,NA,NA,NA,NA,NA,NA,NA,NA,NA,NA,NA,"95","150",168,"56.5","89.3","45","73",83,"54.2","88","50","77",85,"58.8","90.6"
8110,"21st Century Preparatory School",NA,NA,NA,NA,NA,NA,NA,NA,NA,NA,NA,NA,NA,"94","193",241,"39","80.1","54","101",128,"42.2","78.9","40","92",113,"35.4","81.4"
8113,"Woodlands School",NA,NA,NA,NA,NA,NA,NA,NA,NA,NA,NA,NA,NA,"35","87",208,"16.8","41.8","17","48",105,"16.2","45.7","18","39",103,"17.5","37.9"
8114,"Capitol West Academy",NA,NA,NA,NA,NA,NA,NA,NA,NA,NA,NA,NA,NA,"68","141",163,"41.7","86.5","46","83",97,"47.4","85.6","22","58",66,"33.3","87.9"
8123,"Bruce Guadalupe",NA,NA,NA,NA,NA,NA,NA,NA,NA,NA,NA,NA,NA,"118","405",629,"18.8","64.4","58","212",334,"17.4","63.5","60","193",295,"20.3","65.4"
8125,"Urban Day School",NA,NA,NA,NA,NA,NA,NA,NA,NA,NA,NA,NA,NA,"73","151",179,"40.8","84.4","52","100",115,"45.2","87","21","51",64,"32.8","79.7"
8126,"King's Academy",NA,NA,NA,NA,NA,NA,NA,NA,NA,NA,NA,NA,NA,"45","90",113,"39.8","79.6","25","47",61,"41","77","20","43",52,"38.5","82.7"
8127,"Milwaukee Collegiate Academy","33","42",44,"75","95.5","21","21","0",30,"0","30",31,"96.8",NA,NA,NA,NA,NA,NA,NA,NA,NA,NA,NA,NA,NA,NA,NA
8128,"Milwaukee Math and Science Academy",NA,NA,NA,NA,NA,NA,NA,NA,NA,NA,NA,NA,NA,"97","167",185,"52.4","90.3","54","86",94,"57.4","91.5","43","81",91,"47.3","89"
8129,"Milwaukee Scholars Charter School",NA,NA,NA,NA,NA,NA,NA,NA,NA,NA,NA,NA,NA,"204","290",318,"64.2","91.2","130","171",187,"69.5","91.4","74","119",131,"56.5","90.8"
8130,"North Point Lighthouse Charter School",NA,NA,NA,NA,NA,NA,NA,NA,NA,NA,NA,NA,NA,"38","45",62,"61.3","72.6","35","42",57,"61.4","73.7","Redacted","Redacted",5,"Redacted","Redacted"
8131,"Escuela Verde","Redacted","Redacted",18,"Redacted","Redacted","Redacted","Redacted","Redacted",11,"Redacted","Redacted",14,"Redacted","Redacted","Redacted",9,"Redacted","Redacted",NA,NA,NA,NA,NA,"Redacted","Redacted",9,"Redacted","Redacted"
8132,"Woodlands School East",NA,NA,NA,NA,NA,NA,NA,NA,NA,NA,NA,NA,NA,"29","56",68,"42.6","82.4","29","56",68,"42.6","82.4",NA,NA,NA,NA,NA
8133,"Rocketship Southside Community Prep",NA,NA,NA,NA,NA,NA,NA,NA,NA,NA,NA,NA,NA,"41","86",120,"34.2","71.7","41","86",120,"34.2","71.7",NA,NA,NA,NA,NA
8134,"Milwaukee College Preparatory School:",NA,NA,NA,NA,NA,NA,NA,NA,NA,NA,NA,NA,NA,"31","155",255,"12.2","60.8","21","85",132,"15.9","64.4","10","70",123,"8.1","56.9"
8135,"La Casa de Esperanza Charter School",NA,NA,NA,NA,NA,NA,NA,NA,NA,NA,NA,NA,NA,NA,NA,NA,NA,NA,NA,NA,NA,NA,NA,NA,NA,NA,NA,NA
